"date","region_code","region_name","lat","long","hospitalized_with_symptoms","intensive_care","total_hospitalized","home_confinement","cumulative_positive_cases","daily_positive_cases","recovered","death","cumulative_cases","total_tests","region_spatial"
2020-02-24,13,"Abruzzo",42.35122196,13.39843823,0,0,0,0,0,0,0,0,0,5,"Abruzzo"
2020-02-24,17,"Basilicata",40.63947052,15.80514834,0,0,0,0,0,0,0,0,0,0,"Basilicata"
2020-02-24,4,"P.A. Bolzano",46.49933453,11.35662422,0,0,0,0,0,0,0,0,0,1,"Trentino-Alto Adige"
2020-02-24,18,"Calabria",38.90597598,16.59440194,0,0,0,0,0,0,0,0,0,1,"Calabria"
2020-02-24,15,"Campania",40.83956555,14.25084984,0,0,0,0,0,0,0,0,0,10,"Campania"
2020-02-24,8,"Emilia-Romagna",44.49436681,11.3417208,10,2,12,6,18,0,0,0,18,148,"Emilia-Romagna"
2020-02-24,6,"Friuli Venezia Giulia",45.6494354,13.76813649,0,0,0,0,0,0,0,0,0,58,"Friuli-Venezia Giulia"
2020-02-24,12,"Lazio",41.89277044,12.48366722,1,1,2,0,2,0,1,0,3,124,"Lazio"
2020-02-24,7,"Liguria",44.41149315,8.9326992,0,0,0,0,0,0,0,0,0,1,"Liguria"
2020-02-24,3,"Lombardia",45.46679409,9.190347404,76,19,95,71,166,0,0,6,172,1463,"Lombardia"
2020-02-24,11,"Marche",43.61675973,13.5188753,0,0,0,0,0,0,0,0,0,16,"Marche"
2020-02-24,14,"Molise",41.55774754,14.65916051,0,0,0,0,0,0,0,0,0,0,"Molise"
2020-02-24,1,"Piemonte",45.0732745,7.680687483,2,0,2,1,3,0,0,0,3,141,"Piemonte"
2020-02-24,16,"Puglia",41.12559576,16.86736689,0,0,0,0,0,0,0,0,0,0,"Apulia"
2020-02-24,20,"Sardegna",39.21531192,9.110616306,0,0,0,0,0,0,0,0,0,1,"Sardegna"
2020-02-24,19,"Sicilia",38.11569725,13.3623567,0,0,0,0,0,0,0,0,0,5,"Sicily"
2020-02-24,9,"Toscana",43.76923077,11.25588885,0,0,0,0,0,0,0,0,0,140,"Toscana"
2020-02-24,4,"P.A. Trento",46.06893511,11.12123097,0,0,0,0,0,0,0,0,0,3,"Trentino-Alto Adige"
2020-02-24,10,"Umbria",43.10675841,12.38824698,0,0,0,0,0,0,0,0,0,0,"Umbria"
2020-02-24,2,"Valle d'Aosta",45.73750286,7.320149366,0,0,0,0,0,0,0,0,0,7,"Valle d'Aosta"
2020-02-24,5,"Veneto",45.43490485,12.33845213,12,4,16,16,32,0,0,1,33,2200,"Veneto"
2020-02-25,13,"Abruzzo",42.35122196,13.39843823,0,0,0,0,0,0,0,0,0,5,"Abruzzo"
2020-02-25,17,"Basilicata",40.63947052,15.80514834,0,0,0,0,0,0,0,0,0,0,"Basilicata"
2020-02-25,4,"P.A. Bolzano",46.49933453,11.35662422,1,0,1,0,1,1,0,0,1,1,"Trentino-Alto Adige"
2020-02-25,18,"Calabria",38.90597598,16.59440194,0,0,0,0,0,0,0,0,0,2,"Calabria"
2020-02-25,15,"Campania",40.83956555,14.25084984,0,0,0,0,0,0,0,0,0,10,"Campania"
2020-02-25,8,"Emilia-Romagna",44.49436681,11.3417208,15,2,17,9,26,8,0,0,26,391,"Emilia-Romagna"
2020-02-25,6,"Friuli Venezia Giulia",45.6494354,13.76813649,0,0,0,0,0,0,0,0,0,89,"Friuli-Venezia Giulia"
2020-02-25,12,"Lazio",41.89277044,12.48366722,1,1,2,0,2,0,1,0,3,124,"Lazio"
2020-02-25,7,"Liguria",44.41149315,8.9326992,1,0,1,0,1,1,0,0,1,39,"Liguria"
2020-02-25,3,"Lombardia",45.46679409,9.190347404,79,25,104,127,231,65,0,9,240,3700,"Lombardia"
2020-02-25,11,"Marche",43.61675973,13.5188753,0,0,0,0,0,0,0,0,0,21,"Marche"
2020-02-25,14,"Molise",41.55774754,14.65916051,0,0,0,0,0,0,0,0,0,0,"Molise"
2020-02-25,1,"Piemonte",45.0732745,7.680687483,2,0,2,1,3,0,0,0,3,141,"Piemonte"
2020-02-25,16,"Puglia",41.12559576,16.86736689,0,0,0,0,0,0,0,0,0,0,"Apulia"
2020-02-25,20,"Sardegna",39.21531192,9.110616306,0,0,0,0,0,0,0,0,0,1,"Sardegna"
2020-02-25,19,"Sicilia",38.11569725,13.3623567,1,0,1,2,3,3,0,0,3,5,"Sicily"
2020-02-25,9,"Toscana",43.76923077,11.25588885,2,0,2,0,2,2,0,0,2,296,"Toscana"
2020-02-25,4,"P.A. Trento",46.06893511,11.12123097,0,0,0,0,0,0,0,0,0,3,"Trentino-Alto Adige"
2020-02-25,10,"Umbria",43.10675841,12.38824698,0,0,0,0,0,0,0,0,0,8,"Umbria"
2020-02-25,2,"Valle d'Aosta",45.73750286,7.320149366,0,0,0,0,0,0,0,0,0,7,"Valle d'Aosta"
2020-02-25,5,"Veneto",45.43490485,12.33845213,12,7,19,23,42,10,0,1,43,3780,"Veneto"
2020-02-26,13,"Abruzzo",42.35122196,13.39843823,0,0,0,0,0,0,0,0,0,13,"Abruzzo"
2020-02-26,17,"Basilicata",40.63947052,15.80514834,0,0,0,0,0,0,0,0,0,0,"Basilicata"
2020-02-26,4,"P.A. Bolzano",46.49933453,11.35662422,1,0,1,0,1,0,0,0,1,1,"Trentino-Alto Adige"
2020-02-26,18,"Calabria",38.90597598,16.59440194,0,0,0,0,0,0,0,0,0,3,"Calabria"
2020-02-26,15,"Campania",40.83956555,14.25084984,0,0,0,0,0,0,0,0,0,10,"Campania"
2020-02-26,8,"Emilia-Romagna",44.49436681,11.3417208,20,3,23,23,46,20,0,1,47,577,"Emilia-Romagna"
2020-02-26,6,"Friuli Venezia Giulia",45.6494354,13.76813649,0,0,0,0,0,0,0,0,0,114,"Friuli-Venezia Giulia"
2020-02-26,12,"Lazio",41.89277044,12.48366722,0,0,0,0,0,-2,3,0,3,124,"Lazio"
2020-02-26,7,"Liguria",44.41149315,8.9326992,6,0,6,5,11,10,0,0,11,66,"Liguria"
2020-02-26,3,"Lombardia",45.46679409,9.190347404,79,25,104,145,249,18,0,9,258,3208,"Lombardia"
2020-02-26,11,"Marche",43.61675973,13.5188753,1,0,1,0,1,1,0,0,1,28,"Marche"
2020-02-26,14,"Molise",41.55774754,14.65916051,0,0,0,0,0,0,0,0,0,0,"Molise"
2020-02-26,1,"Piemonte",45.0732745,7.680687483,2,0,2,1,3,0,0,0,3,156,"Piemonte"
2020-02-26,16,"Puglia",41.12559576,16.86736689,0,0,0,0,0,0,0,0,0,0,"Apulia"
2020-02-26,20,"Sardegna",39.21531192,9.110616306,0,0,0,0,0,0,0,0,0,1,"Sardegna"
2020-02-26,19,"Sicilia",38.11569725,13.3623567,1,0,1,2,3,0,0,0,3,5,"Sicily"
2020-02-26,9,"Toscana",43.76923077,11.25588885,2,0,2,0,2,0,0,0,2,363,"Toscana"
2020-02-26,4,"P.A. Trento",46.06893511,11.12123097,0,0,0,0,0,0,0,0,0,3,"Trentino-Alto Adige"
2020-02-26,10,"Umbria",43.10675841,12.38824698,0,0,0,0,0,0,0,0,0,8,"Umbria"
2020-02-26,2,"Valle d'Aosta",45.73750286,7.320149366,0,0,0,0,0,0,0,0,0,7,"Valle d'Aosta"
2020-02-26,5,"Veneto",45.43490485,12.33845213,16,8,24,45,69,27,0,2,71,4900,"Veneto"
2020-02-27,13,"Abruzzo",42.35122196,13.39843823,1,0,1,0,1,1,0,0,1,33,"Abruzzo"
2020-02-27,17,"Basilicata",40.63947052,15.80514834,0,0,0,0,0,0,0,0,0,0,"Basilicata"
2020-02-27,4,"P.A. Bolzano",46.49933453,11.35662422,1,0,1,0,1,0,0,0,1,2,"Trentino-Alto Adige"
2020-02-27,18,"Calabria",38.90597598,16.59440194,0,0,0,0,0,0,0,0,0,14,"Calabria"
2020-02-27,15,"Campania",40.83956555,14.25084984,2,0,2,1,3,3,0,0,3,10,"Campania"
2020-02-27,8,"Emilia-Romagna",44.49436681,11.3417208,36,6,42,54,96,50,0,1,97,1033,"Emilia-Romagna"
2020-02-27,6,"Friuli Venezia Giulia",45.6494354,13.76813649,0,0,0,0,0,0,0,0,0,141,"Friuli-Venezia Giulia"
2020-02-27,12,"Lazio",41.89277044,12.48366722,0,0,0,0,0,0,3,0,3,552,"Lazio"
2020-02-27,7,"Liguria",44.41149315,8.9326992,9,0,9,10,19,8,0,0,19,78,"Liguria"
2020-02-27,3,"Lombardia",45.46679409,9.190347404,172,41,213,136,349,100,40,14,403,3320,"Lombardia"
2020-02-27,11,"Marche",43.61675973,13.5188753,2,1,3,0,3,2,0,0,3,46,"Marche"
2020-02-27,14,"Molise",41.55774754,14.65916051,0,0,0,0,0,0,0,0,0,0,"Molise"
2020-02-27,1,"Piemonte",45.0732745,7.680687483,2,0,2,0,2,-1,0,0,2,156,"Piemonte"
2020-02-27,16,"Puglia",41.12559576,16.86736689,1,0,1,0,1,1,0,0,1,0,"Apulia"
2020-02-27,20,"Sardegna",39.21531192,9.110616306,0,0,0,0,0,0,0,0,0,1,"Sardegna"
2020-02-27,19,"Sicilia",38.11569725,13.3623567,1,0,1,1,2,-1,2,0,4,5,"Sicily"
2020-02-27,9,"Toscana",43.76923077,11.25588885,2,0,2,0,2,0,0,0,2,410,"Toscana"
2020-02-27,4,"P.A. Trento",46.06893511,11.12123097,0,0,0,0,0,0,0,0,0,32,"Trentino-Alto Adige"
2020-02-27,10,"Umbria",43.10675841,12.38824698,0,0,0,0,0,0,0,0,0,8,"Umbria"
2020-02-27,2,"Valle d'Aosta",45.73750286,7.320149366,0,0,0,0,0,0,0,0,0,9,"Valle d'Aosta"
2020-02-27,5,"Veneto",45.43490485,12.33845213,19,8,27,82,109,40,0,2,111,6164,"Veneto"
2020-02-28,13,"Abruzzo",42.35122196,13.39843823,1,0,1,0,1,0,0,0,1,33,"Abruzzo"
2020-02-28,17,"Basilicata",40.63947052,15.80514834,0,0,0,0,0,0,0,0,0,0,"Basilicata"
2020-02-28,4,"P.A. Bolzano",46.49933453,11.35662422,1,0,1,0,1,0,0,0,1,2,"Trentino-Alto Adige"
2020-02-28,18,"Calabria",38.90597598,16.59440194,0,0,0,1,1,1,0,0,1,21,"Calabria"
2020-02-28,15,"Campania",40.83956555,14.25084984,2,0,2,2,4,1,0,0,4,213,"Campania"
2020-02-28,8,"Emilia-Romagna",44.49436681,11.3417208,56,6,62,81,143,47,0,2,145,1277,"Emilia-Romagna"
2020-02-28,6,"Friuli Venezia Giulia",45.6494354,13.76813649,0,0,0,0,0,0,0,0,0,169,"Friuli-Venezia Giulia"
2020-02-28,12,"Lazio",41.89277044,12.48366722,0,0,0,0,0,0,3,0,3,611,"Lazio"
2020-02-28,7,"Liguria",44.41149315,8.9326992,9,0,9,10,19,0,0,0,19,112,"Liguria"
2020-02-28,3,"Lombardia",45.46679409,9.190347404,235,47,282,192,474,125,40,17,531,4835,"Lombardia"
2020-02-28,11,"Marche",43.61675973,13.5188753,3,2,5,1,6,3,0,0,6,47,"Marche"
2020-02-28,14,"Molise",41.55774754,14.65916051,0,0,0,0,0,0,0,0,0,0,"Molise"
2020-02-28,1,"Piemonte",45.0732745,7.680687483,7,0,7,4,11,9,0,0,11,227,"Piemonte"
2020-02-28,16,"Puglia",41.12559576,16.86736689,1,0,1,2,3,2,0,0,3,242,"Apulia"
2020-02-28,20,"Sardegna",39.21531192,9.110616306,0,0,0,0,0,0,0,0,0,1,"Sardegna"
2020-02-28,19,"Sicilia",38.11569725,13.3623567,1,0,1,1,2,0,2,0,4,5,"Sicily"
2020-02-28,9,"Toscana",43.76923077,11.25588885,5,0,5,2,7,5,1,0,8,437,"Toscana"
2020-02-28,4,"P.A. Trento",46.06893511,11.12123097,0,0,0,0,0,0,0,0,0,32,"Trentino-Alto Adige"
2020-02-28,10,"Umbria",43.10675841,12.38824698,0,0,0,0,0,0,0,0,0,8,"Umbria"
2020-02-28,2,"Valle d'Aosta",45.73750286,7.320149366,0,0,0,0,0,0,0,0,0,9,"Valle d'Aosta"
2020-02-28,5,"Veneto",45.43490485,12.33845213,24,9,33,116,149,40,0,2,151,7414,"Veneto"
2020-02-29,13,"Abruzzo",42.35122196,13.39843823,2,0,2,0,2,1,0,0,2,43,"Abruzzo"
2020-02-29,17,"Basilicata",40.63947052,15.80514834,0,0,0,0,0,0,0,0,0,32,"Basilicata"
2020-02-29,4,"P.A. Bolzano",46.49933453,11.35662422,1,0,1,0,1,0,0,0,1,16,"Trentino-Alto Adige"
2020-02-29,18,"Calabria",38.90597598,16.59440194,0,0,0,1,1,0,0,0,1,27,"Calabria"
2020-02-29,15,"Campania",40.83956555,14.25084984,3,0,3,10,13,9,0,0,13,373,"Campania"
2020-02-29,8,"Emilia-Romagna",44.49436681,11.3417208,86,11,97,116,213,70,0,4,217,1550,"Emilia-Romagna"
2020-02-29,6,"Friuli Venezia Giulia",45.6494354,13.76813649,0,0,0,0,0,0,0,0,0,189,"Friuli-Venezia Giulia"
2020-02-29,12,"Lazio",41.89277044,12.48366722,3,0,3,0,3,3,3,0,6,679,"Lazio"
2020-02-29,7,"Liguria",44.41149315,8.9326992,4,1,5,33,38,19,4,0,42,121,"Liguria"
2020-02-29,3,"Lombardia",45.46679409,9.190347404,256,80,336,216,552,78,40,23,615,5723,"Lombardia"
2020-02-29,11,"Marche",43.61675973,13.5188753,6,2,8,3,11,5,0,0,11,68,"Marche"
2020-02-29,14,"Molise",41.55774754,14.65916051,0,0,0,0,0,0,0,0,0,0,"Molise"
2020-02-29,1,"Piemonte",45.0732745,7.680687483,7,0,7,4,11,0,0,0,11,308,"Piemonte"
2020-02-29,16,"Puglia",41.12559576,16.86736689,1,0,1,2,3,0,0,0,3,252,"Apulia"
2020-02-29,20,"Sardegna",39.21531192,9.110616306,0,0,0,0,0,0,0,0,0,1,"Sardegna"
2020-02-29,19,"Sicilia",38.11569725,13.3623567,1,0,1,1,2,0,2,0,4,6,"Sicily"
2020-02-29,9,"Toscana",43.76923077,11.25588885,7,0,7,3,10,3,1,0,11,531,"Toscana"
2020-02-29,4,"P.A. Trento",46.06893511,11.12123097,0,0,0,0,0,0,0,0,0,43,"Trentino-Alto Adige"
2020-02-29,10,"Umbria",43.10675841,12.38824698,0,0,0,0,0,0,0,0,0,31,"Umbria"
2020-02-29,2,"Valle d'Aosta",45.73750286,7.320149366,0,0,0,0,0,0,0,0,0,9,"Valle d'Aosta"
2020-02-29,5,"Veneto",45.43490485,12.33845213,24,11,35,154,189,40,0,2,191,8659,"Veneto"
2020-03-01,13,"Abruzzo",42.35122196,13.39843823,3,0,3,2,5,3,0,0,5,52,"Abruzzo"
2020-03-01,17,"Basilicata",40.63947052,15.80514834,0,0,0,0,0,0,0,0,0,39,"Basilicata"
2020-03-01,4,"P.A. Bolzano",46.49933453,11.35662422,1,0,1,0,1,0,0,0,1,20,"Trentino-Alto Adige"
2020-03-01,18,"Calabria",38.90597598,16.59440194,0,0,0,1,1,0,0,0,1,35,"Calabria"
2020-03-01,15,"Campania",40.83956555,14.25084984,4,0,4,13,17,4,0,0,17,373,"Campania"
2020-03-01,8,"Emilia-Romagna",44.49436681,11.3417208,127,13,140,137,277,64,0,8,285,1795,"Emilia-Romagna"
2020-03-01,6,"Friuli Venezia Giulia",45.6494354,13.76813649,0,0,0,6,6,6,0,0,6,243,"Friuli-Venezia Giulia"
2020-03-01,12,"Lazio",41.89277044,12.48366722,3,0,3,0,3,0,3,0,6,724,"Lazio"
2020-03-01,7,"Liguria",44.41149315,8.9326992,12,1,13,8,21,-17,4,0,25,121,"Liguria"
2020-03-01,3,"Lombardia",45.46679409,9.190347404,406,106,512,375,887,335,73,24,984,6879,"Lombardia"
2020-03-01,11,"Marche",43.61675973,13.5188753,12,5,17,8,25,14,0,0,25,101,"Marche"
2020-03-01,14,"Molise",41.55774754,14.65916051,0,0,0,0,0,0,0,0,0,6,"Molise"
2020-03-01,1,"Piemonte",45.0732745,7.680687483,11,2,13,36,49,38,0,0,49,362,"Piemonte"
2020-03-01,16,"Puglia",41.12559576,16.86736689,1,0,1,2,3,0,0,0,3,262,"Apulia"
2020-03-01,20,"Sardegna",39.21531192,9.110616306,0,0,0,0,0,0,0,0,0,29,"Sardegna"
2020-03-01,19,"Sicilia",38.11569725,13.3623567,1,0,1,6,7,5,2,0,9,291,"Sicily"
2020-03-01,9,"Toscana",43.76923077,11.25588885,7,0,7,5,12,2,1,0,13,572,"Toscana"
2020-03-01,4,"P.A. Trento",46.06893511,11.12123097,0,0,0,0,0,0,0,0,0,122,"Trentino-Alto Adige"
2020-03-01,10,"Umbria",43.10675841,12.38824698,0,0,0,2,2,2,0,0,2,35,"Umbria"
2020-03-01,2,"Valle d'Aosta",45.73750286,7.320149366,0,0,0,0,0,0,0,0,0,10,"Valle d'Aosta"
2020-03-01,5,"Veneto",45.43490485,12.33845213,51,13,64,197,261,72,0,2,263,9056,"Veneto"
2020-03-02,13,"Abruzzo",42.35122196,13.39843823,3,0,3,2,5,0,0,0,5,52,"Abruzzo"
2020-03-02,17,"Basilicata",40.63947052,15.80514834,0,0,0,0,0,0,0,0,0,39,"Basilicata"
2020-03-02,4,"P.A. Bolzano",46.49933453,11.35662422,1,0,1,0,1,0,0,0,1,20,"Trentino-Alto Adige"
2020-03-02,18,"Calabria",38.90597598,16.59440194,0,0,0,1,1,0,0,0,1,39,"Calabria"
2020-03-02,15,"Campania",40.83956555,14.25084984,4,0,4,13,17,0,0,0,17,373,"Campania"
2020-03-02,8,"Emilia-Romagna",44.49436681,11.3417208,148,16,164,160,324,47,0,11,335,1973,"Emilia-Romagna"
2020-03-02,6,"Friuli Venezia Giulia",45.6494354,13.76813649,0,0,0,9,9,3,0,0,9,269,"Friuli-Venezia Giulia"
2020-03-02,12,"Lazio",41.89277044,12.48366722,3,0,3,1,4,1,3,0,7,773,"Lazio"
2020-03-02,7,"Liguria",44.41149315,8.9326992,12,1,13,5,18,-3,4,0,22,121,"Liguria"
2020-03-02,3,"Lombardia",45.46679409,9.190347404,478,127,605,472,1077,190,139,38,1254,7925,"Lombardia"
2020-03-02,11,"Marche",43.61675973,13.5188753,17,6,23,11,34,9,0,1,35,137,"Marche"
2020-03-02,14,"Molise",41.55774754,14.65916051,0,0,0,0,0,0,0,0,0,13,"Molise"
2020-03-02,1,"Piemonte",45.0732745,7.680687483,12,2,14,37,51,2,0,0,51,434,"Piemonte"
2020-03-02,16,"Puglia",41.12559576,16.86736689,2,0,2,2,4,1,0,0,4,278,"Apulia"
2020-03-02,20,"Sardegna",39.21531192,9.110616306,0,0,0,0,0,0,0,0,0,29,"Sardegna"
2020-03-02,19,"Sicilia",38.11569725,13.3623567,2,0,2,3,5,-2,2,0,7,307,"Sicily"
2020-03-02,9,"Toscana",43.76923077,11.25588885,7,0,7,5,12,0,1,0,13,613,"Toscana"
2020-03-02,4,"P.A. Trento",46.06893511,11.12123097,0,0,0,0,0,0,0,0,0,122,"Trentino-Alto Adige"
2020-03-02,10,"Umbria",43.10675841,12.38824698,0,0,0,2,2,0,0,0,2,35,"Umbria"
2020-03-02,2,"Valle d'Aosta",45.73750286,7.320149366,0,0,0,0,0,0,0,0,0,11,"Valle d'Aosta"
2020-03-02,5,"Veneto",45.43490485,12.33845213,53,14,67,204,271,10,0,2,273,9782,"Veneto"
2020-03-03,13,"Abruzzo",42.35122196,13.39843823,5,0,5,1,6,1,0,0,6,52,"Abruzzo"
2020-03-03,17,"Basilicata",40.63947052,15.80514834,0,0,0,1,1,1,0,0,1,42,"Basilicata"
2020-03-03,4,"P.A. Bolzano",46.49933453,11.35662422,1,0,1,0,1,0,0,0,1,20,"Trentino-Alto Adige"
2020-03-03,18,"Calabria",38.90597598,16.59440194,0,0,0,1,1,0,0,0,1,39,"Calabria"
2020-03-03,15,"Campania",40.83956555,14.25084984,11,0,11,19,30,13,0,0,30,405,"Campania"
2020-03-03,8,"Emilia-Romagna",44.49436681,11.3417208,187,24,211,187,398,74,4,18,420,2012,"Emilia-Romagna"
2020-03-03,6,"Friuli Venezia Giulia",45.6494354,13.76813649,1,0,1,12,13,4,0,0,13,354,"Friuli-Venezia Giulia"
2020-03-03,12,"Lazio",41.89277044,12.48366722,10,0,10,1,11,7,3,0,14,877,"Lazio"
2020-03-03,7,"Liguria",44.41149315,8.9326992,12,2,14,5,19,1,4,1,24,121,"Liguria"
2020-03-03,3,"Lombardia",45.46679409,9.190347404,698,167,865,461,1326,249,139,55,1520,9577,"Lombardia"
2020-03-03,11,"Marche",43.61675973,13.5188753,27,13,40,19,59,25,0,2,61,200,"Marche"
2020-03-03,14,"Molise",41.55774754,14.65916051,3,0,3,0,3,3,0,0,3,13,"Molise"
2020-03-03,1,"Piemonte",45.0732745,7.680687483,13,3,16,40,56,5,0,0,56,458,"Piemonte"
2020-03-03,16,"Puglia",41.12559576,16.86736689,2,0,2,4,6,2,0,0,6,298,"Apulia"
2020-03-03,20,"Sardegna",39.21531192,9.110616306,1,0,1,0,1,1,0,0,1,29,"Sardegna"
2020-03-03,19,"Sicilia",38.11569725,13.3623567,2,0,2,3,5,0,2,0,7,307,"Sicily"
2020-03-03,9,"Toscana",43.76923077,11.25588885,10,0,10,8,18,6,1,0,19,697,"Toscana"
2020-03-03,4,"P.A. Trento",46.06893511,11.12123097,1,0,1,3,4,4,0,0,4,122,"Trentino-Alto Adige"
2020-03-03,10,"Umbria",43.10675841,12.38824698,1,1,2,6,8,6,0,0,8,45,"Umbria"
2020-03-03,2,"Valle d'Aosta",45.73750286,7.320149366,0,0,0,0,0,0,0,0,0,12,"Valle d'Aosta"
2020-03-03,5,"Veneto",45.43490485,12.33845213,49,19,68,229,297,26,7,3,307,10176,"Veneto"
2020-03-04,13,"Abruzzo",42.35122196,13.39843823,7,0,7,0,7,1,0,0,7,85,"Abruzzo"
2020-03-04,17,"Basilicata",40.63947052,15.80514834,0,0,0,1,1,0,0,0,1,48,"Basilicata"
2020-03-04,4,"P.A. Bolzano",46.49933453,11.35662422,1,0,1,0,1,0,0,0,1,20,"Trentino-Alto Adige"
2020-03-04,18,"Calabria",38.90597598,16.59440194,0,0,0,1,1,0,0,0,1,46,"Calabria"
2020-03-04,15,"Campania",40.83956555,14.25084984,11,0,11,20,31,1,0,0,31,429,"Campania"
2020-03-04,8,"Emilia-Romagna",44.49436681,11.3417208,256,26,282,234,516,118,6,22,544,2500,"Emilia-Romagna"
2020-03-04,6,"Friuli Venezia Giulia",45.6494354,13.76813649,3,0,3,15,18,5,0,0,18,376,"Friuli-Venezia Giulia"
2020-03-04,12,"Lazio",41.89277044,12.48366722,15,3,18,9,27,16,3,0,30,995,"Lazio"
2020-03-04,7,"Liguria",44.41149315,8.9326992,10,3,13,8,21,2,4,1,26,133,"Liguria"
2020-03-04,3,"Lombardia",45.46679409,9.190347404,877,209,1086,411,1497,171,250,73,1820,12138,"Lombardia"
2020-03-04,11,"Marche",43.61675973,13.5188753,34,15,49,31,80,21,0,4,84,288,"Marche"
2020-03-04,14,"Molise",41.55774754,14.65916051,3,0,3,0,3,0,0,0,3,19,"Molise"
2020-03-04,1,"Piemonte",45.0732745,7.680687483,26,13,39,43,82,26,0,0,82,543,"Piemonte"
2020-03-04,16,"Puglia",41.12559576,16.86736689,4,0,4,3,7,1,1,1,9,322,"Apulia"
2020-03-04,20,"Sardegna",39.21531192,9.110616306,1,0,1,1,2,1,0,0,2,42,"Sardegna"
2020-03-04,19,"Sicilia",38.11569725,13.3623567,5,0,5,11,16,11,2,0,18,367,"Sicily"
2020-03-04,9,"Toscana",43.76923077,11.25588885,15,2,17,20,37,19,1,0,38,776,"Toscana"
2020-03-04,4,"P.A. Trento",46.06893511,11.12123097,1,0,1,4,5,1,0,0,5,122,"Trentino-Alto Adige"
2020-03-04,10,"Umbria",43.10675841,12.38824698,1,1,2,7,9,1,0,0,9,58,"Umbria"
2020-03-04,2,"Valle d'Aosta",45.73750286,7.320149366,0,0,0,0,0,0,0,0,0,15,"Valle d'Aosta"
2020-03-04,5,"Veneto",45.43490485,12.33845213,76,23,99,246,345,48,9,6,360,10515,"Veneto"
2020-03-05,13,"Abruzzo",42.35122196,13.39843823,8,0,8,0,8,1,0,0,8,96,"Abruzzo"
2020-03-05,17,"Basilicata",40.63947052,15.80514834,0,0,0,1,1,0,0,0,1,54,"Basilicata"
2020-03-05,4,"P.A. Bolzano",46.49933453,11.35662422,1,0,1,0,1,0,0,0,1,20,"Trentino-Alto Adige"
2020-03-05,18,"Calabria",38.90597598,16.59440194,1,0,1,1,2,1,0,0,2,53,"Calabria"
2020-03-05,15,"Campania",40.83956555,14.25084984,12,0,12,33,45,14,0,0,45,471,"Campania"
2020-03-05,8,"Emilia-Romagna",44.49436681,11.3417208,327,32,359,299,658,142,10,30,698,2884,"Emilia-Romagna"
2020-03-05,6,"Friuli Venezia Giulia",45.6494354,13.76813649,4,0,4,17,21,3,0,0,21,397,"Friuli-Venezia Giulia"
2020-03-05,12,"Lazio",41.89277044,12.48366722,20,7,27,14,41,14,3,0,44,1175,"Lazio"
2020-03-05,7,"Liguria",44.41149315,8.9326992,11,3,14,7,21,0,4,3,28,146,"Liguria"
2020-03-05,3,"Lombardia",45.46679409,9.190347404,1169,244,1413,364,1777,280,376,98,2251,12354,"Lombardia"
2020-03-05,11,"Marche",43.61675973,13.5188753,57,19,76,44,120,40,0,4,124,413,"Marche"
2020-03-05,14,"Molise",41.55774754,14.65916051,4,0,4,3,7,4,0,0,7,24,"Molise"
2020-03-05,1,"Piemonte",45.0732745,7.680687483,43,17,60,46,106,24,0,2,108,543,"Piemonte"
2020-03-05,16,"Puglia",41.12559576,16.86736689,5,1,6,6,12,5,1,1,14,359,"Apulia"
2020-03-05,20,"Sardegna",39.21531192,9.110616306,2,0,2,0,2,0,0,0,2,50,"Sardegna"
2020-03-05,19,"Sicilia",38.11569725,13.3623567,5,0,5,11,16,0,2,0,18,367,"Sicily"
2020-03-05,9,"Toscana",43.76923077,11.25588885,26,3,29,31,60,23,1,0,61,776,"Toscana"
2020-03-05,4,"P.A. Trento",46.06893511,11.12123097,2,0,2,5,7,2,0,0,7,122,"Trentino-Alto Adige"
2020-03-05,10,"Umbria",43.10675841,12.38824698,1,1,2,7,9,0,0,0,9,88,"Umbria"
2020-03-05,2,"Valle d'Aosta",45.73750286,7.320149366,0,0,0,2,2,2,0,0,2,21,"Valle d'Aosta"
2020-03-05,5,"Veneto",45.43490485,12.33845213,92,24,116,264,380,35,17,10,407,11949,"Veneto"
2020-03-06,13,"Abruzzo",42.35122196,13.39843823,9,0,9,0,9,1,0,0,9,96,"Abruzzo"
2020-03-06,17,"Basilicata",40.63947052,15.80514834,1,0,1,2,3,2,0,0,3,63,"Basilicata"
2020-03-06,4,"P.A. Bolzano",46.49933453,11.35662422,4,0,4,0,4,3,0,0,4,36,"Trentino-Alto Adige"
2020-03-06,18,"Calabria",38.90597598,16.59440194,2,0,2,2,4,2,0,0,4,99,"Calabria"
2020-03-06,15,"Campania",40.83956555,14.25084984,12,0,12,45,57,12,0,0,57,471,"Campania"
2020-03-06,8,"Emilia-Romagna",44.49436681,11.3417208,397,53,450,366,816,158,17,37,870,3136,"Emilia-Romagna"
2020-03-06,6,"Friuli Venezia Giulia",45.6494354,13.76813649,4,0,4,24,28,7,3,0,31,577,"Friuli-Venezia Giulia"
2020-03-06,12,"Lazio",41.89277044,12.48366722,26,8,34,16,50,9,3,1,54,1373,"Lazio"
2020-03-06,7,"Liguria",44.41149315,8.9326992,12,5,17,7,24,3,5,3,32,229,"Liguria"
2020-03-06,3,"Lombardia",45.46679409,9.190347404,1622,309,1931,77,2008,231,469,135,2612,13556,"Lombardia"
2020-03-06,11,"Marche",43.61675973,13.5188753,73,20,93,62,155,35,0,4,159,585,"Marche"
2020-03-06,14,"Molise",41.55774754,14.65916051,3,2,5,7,12,5,0,0,12,104,"Molise"
2020-03-06,1,"Piemonte",45.0732745,7.680687483,57,30,87,52,139,33,0,4,143,793,"Piemonte"
2020-03-06,16,"Puglia",41.12559576,16.86736689,5,1,6,9,15,3,1,1,17,395,"Apulia"
2020-03-06,20,"Sardegna",39.21531192,9.110616306,2,0,2,3,5,3,0,0,5,99,"Sardegna"
2020-03-06,19,"Sicilia",38.11569725,13.3623567,7,0,7,15,22,6,2,0,24,367,"Sicily"
2020-03-06,9,"Toscana",43.76923077,11.25588885,35,5,40,38,78,18,1,0,79,1097,"Toscana"
2020-03-06,4,"P.A. Trento",46.06893511,11.12123097,4,0,4,6,10,3,0,0,10,122,"Trentino-Alto Adige"
2020-03-06,10,"Umbria",43.10675841,12.38824698,2,2,4,12,16,7,0,0,16,110,"Umbria"
2020-03-06,2,"Valle d'Aosta",45.73750286,7.320149366,0,0,0,7,7,5,0,0,7,28,"Valle d'Aosta"
2020-03-06,5,"Veneto",45.43490485,12.33845213,117,27,144,310,454,74,22,12,488,13023,"Veneto"
2020-03-07,13,"Abruzzo",42.35122196,13.39843823,11,0,11,0,11,2,0,0,11,123,"Abruzzo"
2020-03-07,17,"Basilicata",40.63947052,15.80514834,1,0,1,2,3,0,0,0,3,75,"Basilicata"
2020-03-07,4,"P.A. Bolzano",46.49933453,11.35662422,8,0,8,1,9,5,0,0,9,36,"Trentino-Alto Adige"
2020-03-07,18,"Calabria",38.90597598,16.59440194,2,0,2,2,4,0,0,0,4,113,"Calabria"
2020-03-07,15,"Campania",40.83956555,14.25084984,16,0,16,45,61,4,0,0,61,612,"Campania"
2020-03-07,8,"Emilia-Romagna",44.49436681,11.3417208,464,64,528,409,937,121,25,48,1010,3604,"Emilia-Romagna"
2020-03-07,6,"Friuli Venezia Giulia",45.6494354,13.76813649,7,1,8,31,39,11,3,0,42,577,"Friuli-Venezia Giulia"
2020-03-07,12,"Lazio",41.89277044,12.48366722,43,8,51,21,72,22,3,1,76,1582,"Lazio"
2020-03-07,7,"Liguria",44.41149315,8.9326992,26,6,32,10,42,18,5,4,51,331,"Liguria"
2020-03-07,3,"Lombardia",45.46679409,9.190347404,1661,359,2020,722,2742,734,524,154,3420,15778,"Lombardia"
2020-03-07,11,"Marche",43.61675973,13.5188753,94,36,130,71,201,46,0,6,207,816,"Marche"
2020-03-07,14,"Molise",41.55774754,14.65916051,3,2,5,9,14,2,0,0,14,112,"Molise"
2020-03-07,1,"Piemonte",45.0732745,7.680687483,110,38,148,54,202,63,0,5,207,1046,"Piemonte"
2020-03-07,16,"Puglia",41.12559576,16.86736689,9,2,11,12,23,8,1,2,26,395,"Apulia"
2020-03-07,20,"Sardegna",39.21531192,9.110616306,2,0,2,3,5,0,0,0,5,99,"Sardegna"
2020-03-07,19,"Sicilia",38.11569725,13.3623567,8,0,8,25,33,11,2,0,35,643,"Sicily"
2020-03-07,9,"Toscana",43.76923077,11.25588885,54,7,61,51,112,34,1,0,113,1331,"Toscana"
2020-03-07,4,"P.A. Trento",46.06893511,11.12123097,6,1,7,7,14,4,0,0,14,194,"Trentino-Alto Adige"
2020-03-07,10,"Umbria",43.10675841,12.38824698,2,2,4,20,24,8,0,0,24,134,"Umbria"
2020-03-07,2,"Valle d'Aosta",45.73750286,7.320149366,1,0,1,7,8,1,0,0,8,32,"Valle d'Aosta"
2020-03-07,5,"Veneto",45.43490485,12.33845213,123,41,164,341,505,51,25,13,543,14429,"Veneto"
2020-03-08,13,"Abruzzo",42.35122196,13.39843823,14,0,14,3,17,6,0,0,17,163,"Abruzzo"
2020-03-08,17,"Basilicata",40.63947052,15.80514834,2,0,2,2,4,1,0,0,4,123,"Basilicata"
2020-03-08,4,"P.A. Bolzano",46.49933453,11.35662422,8,0,8,1,9,0,0,0,9,36,"Trentino-Alto Adige"
2020-03-08,18,"Calabria",38.90597598,16.59440194,5,0,5,4,9,5,0,0,9,113,"Calabria"
2020-03-08,15,"Campania",40.83956555,14.25084984,30,7,37,63,100,39,1,0,101,980,"Campania"
2020-03-08,8,"Emilia-Romagna",44.49436681,11.3417208,542,75,617,480,1097,160,27,56,1180,4344,"Emilia-Romagna"
2020-03-08,6,"Friuli Venezia Giulia",45.6494354,13.76813649,7,1,8,45,53,14,3,1,57,997,"Friuli-Venezia Giulia"
2020-03-08,12,"Lazio",41.89277044,12.48366722,47,8,55,26,81,9,3,3,87,1929,"Lazio"
2020-03-08,7,"Liguria",44.41149315,8.9326992,39,11,50,17,67,25,5,6,78,401,"Liguria"
2020-03-08,3,"Lombardia",45.46679409,9.190347404,2217,399,2616,756,3372,630,550,267,4189,18534,"Lombardia"
2020-03-08,11,"Marche",43.61675973,13.5188753,110,41,151,114,265,64,0,7,272,1025,"Marche"
2020-03-08,14,"Molise",41.55774754,14.65916051,4,2,6,8,14,0,0,0,14,116,"Molise"
2020-03-08,1,"Piemonte",45.0732745,7.680687483,245,45,290,65,355,153,0,5,360,1636,"Piemonte"
2020-03-08,16,"Puglia",41.12559576,16.86736689,17,3,20,16,36,13,1,3,40,627,"Apulia"
2020-03-08,20,"Sardegna",39.21531192,9.110616306,5,0,5,6,11,6,0,0,11,149,"Sardegna"
2020-03-08,19,"Sicilia",38.11569725,13.3623567,18,0,18,33,51,18,2,0,53,791,"Sicily"
2020-03-08,9,"Toscana",43.76923077,11.25588885,91,7,98,67,165,53,1,0,166,1618,"Toscana"
2020-03-08,4,"P.A. Trento",46.06893511,11.12123097,7,2,9,14,23,9,0,0,23,228,"Trentino-Alto Adige"
2020-03-08,10,"Umbria",43.10675841,12.38824698,2,2,4,22,26,2,0,0,26,168,"Umbria"
2020-03-08,2,"Valle d'Aosta",45.73750286,7.320149366,1,0,1,8,9,1,0,0,9,41,"Valle d'Aosta"
2020-03-08,5,"Veneto",45.43490485,12.33845213,146,47,193,430,623,118,29,18,670,15918,"Veneto"
2020-03-09,13,"Abruzzo",42.35122196,13.39843823,25,0,25,5,30,13,0,0,30,237,"Abruzzo"
2020-03-09,17,"Basilicata",40.63947052,15.80514834,2,0,2,3,5,1,0,0,5,135,"Basilicata"
2020-03-09,4,"P.A. Bolzano",46.49933453,11.35662422,8,0,8,1,9,0,0,0,9,36,"Trentino-Alto Adige"
2020-03-09,18,"Calabria",38.90597598,16.59440194,8,0,8,1,9,0,2,0,11,173,"Calabria"
2020-03-09,15,"Campania",40.83956555,14.25084984,42,8,50,69,119,19,1,0,120,980,"Campania"
2020-03-09,8,"Emilia-Romagna",44.49436681,11.3417208,576,90,666,620,1286,189,30,70,1386,4906,"Emilia-Romagna"
2020-03-09,6,"Friuli Venezia Giulia",45.6494354,13.76813649,18,1,19,70,89,36,3,1,93,1344,"Friuli-Venezia Giulia"
2020-03-09,12,"Lazio",41.89277044,12.48366722,55,8,63,31,94,13,3,5,102,1929,"Lazio"
2020-03-09,7,"Liguria",44.41149315,8.9326992,60,17,77,20,97,30,5,7,109,611,"Liguria"
2020-03-09,3,"Lombardia",45.46679409,9.190347404,2802,440,3242,1248,4490,1118,646,333,5469,20135,"Lombardia"
2020-03-09,11,"Marche",43.61675973,13.5188753,136,47,183,130,313,48,0,10,323,1250,"Marche"
2020-03-09,14,"Molise",41.55774754,14.65916051,4,2,6,8,14,0,0,0,14,212,"Molise"
2020-03-09,1,"Piemonte",45.0732745,7.680687483,222,50,272,65,337,-18,0,13,350,1681,"Piemonte"
2020-03-09,16,"Puglia",41.12559576,16.86736689,20,6,26,20,46,10,1,3,50,685,"Apulia"
2020-03-09,20,"Sardegna",39.21531192,9.110616306,8,0,8,11,19,8,0,0,19,185,"Sardegna"
2020-03-09,19,"Sicilia",38.11569725,13.3623567,19,0,19,33,52,1,2,0,54,836,"Sicily"
2020-03-09,9,"Toscana",43.76923077,11.25588885,107,9,116,90,206,41,1,1,208,2018,"Toscana"
2020-03-09,4,"P.A. Trento",46.06893511,11.12123097,10,2,12,21,33,10,0,0,33,267,"Trentino-Alto Adige"
2020-03-09,10,"Umbria",43.10675841,12.38824698,4,2,6,22,28,2,0,0,28,183,"Umbria"
2020-03-09,2,"Valle d'Aosta",45.73750286,7.320149366,4,0,4,11,15,6,0,0,15,67,"Valle d'Aosta"
2020-03-09,5,"Veneto",45.43490485,12.33845213,186,51,237,457,694,71,30,20,744,15956,"Veneto"
2020-03-10,13,"Abruzzo",42.35122196,13.39843823,17,9,26,11,37,7,0,1,38,310,"Abruzzo"
2020-03-10,17,"Basilicata",40.63947052,15.80514834,2,0,2,5,7,2,0,0,7,148,"Basilicata"
2020-03-10,4,"P.A. Bolzano",46.49933453,11.35662422,17,1,18,20,38,29,0,0,38,36,"Trentino-Alto Adige"
2020-03-10,18,"Calabria",38.90597598,16.59440194,8,2,10,1,11,2,2,0,13,360,"Calabria"
2020-03-10,15,"Campania",40.83956555,14.25084984,33,8,41,85,126,7,1,0,127,1141,"Campania"
2020-03-10,8,"Emilia-Romagna",44.49436681,11.3417208,669,98,767,650,1417,131,31,85,1533,5494,"Emilia-Romagna"
2020-03-10,6,"Friuli Venezia Giulia",45.6494354,13.76813649,27,6,33,77,110,21,3,3,116,1602,"Friuli-Venezia Giulia"
2020-03-10,12,"Lazio",41.89277044,12.48366722,50,15,65,34,99,5,11,6,116,3591,"Lazio"
2020-03-10,7,"Liguria",44.41149315,8.9326992,57,29,86,42,128,31,5,8,141,694,"Liguria"
2020-03-10,3,"Lombardia",45.46679409,9.190347404,3319,466,3785,642,4427,-63,896,468,5791,21479,"Lombardia"
2020-03-10,11,"Marche",43.61675973,13.5188753,152,54,206,175,381,68,0,13,394,1437,"Marche"
2020-03-10,14,"Molise",41.55774754,14.65916051,3,3,6,9,15,1,0,0,15,225,"Molise"
2020-03-10,1,"Piemonte",45.0732745,7.680687483,306,66,372,64,436,99,0,17,453,2374,"Piemonte"
2020-03-10,16,"Puglia",41.12559576,16.86736689,28,6,34,21,55,9,1,3,59,747,"Apulia"
2020-03-10,20,"Sardegna",39.21531192,9.110616306,9,0,9,11,20,1,0,0,20,204,"Sardegna"
2020-03-10,19,"Sicilia",38.11569725,13.3623567,17,2,19,41,60,8,2,0,62,955,"Sicily"
2020-03-10,9,"Toscana",43.76923077,11.25588885,91,40,131,129,260,54,3,1,264,2573,"Toscana"
2020-03-10,4,"P.A. Trento",46.06893511,11.12123097,19,3,22,28,50,17,2,0,52,399,"Trentino-Alto Adige"
2020-03-10,10,"Umbria",43.10675841,12.38824698,8,2,10,27,37,9,0,0,37,260,"Umbria"
2020-03-10,2,"Valle d'Aosta",45.73750286,7.320149366,2,0,2,15,17,2,0,0,17,89,"Valle d'Aosta"
2020-03-10,5,"Veneto",45.43490485,12.33845213,204,67,271,512,783,89,47,26,856,16643,"Veneto"
2020-03-11,13,"Abruzzo",42.35122196,13.39843823,17,9,26,11,37,0,0,1,38,310,"Abruzzo"
2020-03-11,17,"Basilicata",40.63947052,15.80514834,1,1,2,6,8,1,0,0,8,155,"Basilicata"
2020-03-11,4,"P.A. Bolzano",46.49933453,11.35662422,8,4,12,63,75,37,0,0,75,75,"Trentino-Alto Adige"
2020-03-11,18,"Calabria",38.90597598,16.59440194,10,2,12,5,17,6,2,0,19,405,"Calabria"
2020-03-11,15,"Campania",40.83956555,14.25084984,56,11,67,82,149,23,4,1,154,1375,"Campania"
2020-03-11,8,"Emilia-Romagna",44.49436681,11.3417208,745,104,849,739,1588,171,38,113,1739,6640,"Emilia-Romagna"
2020-03-11,6,"Friuli Venezia Giulia",45.6494354,13.76813649,16,5,21,89,110,0,10,6,126,2073,"Friuli-Venezia Giulia"
2020-03-11,12,"Lazio",41.89277044,12.48366722,67,18,85,40,125,26,19,6,150,3591,"Lazio"
2020-03-11,7,"Liguria",44.41149315,8.9326992,74,34,108,73,181,53,5,8,194,1025,"Liguria"
2020-03-11,3,"Lombardia",45.46679409,9.190347404,3852,560,4412,1351,5763,1336,900,617,7280,25629,"Lombardia"
2020-03-11,11,"Marche",43.61675973,13.5188753,212,66,278,183,461,80,0,18,479,1656,"Marche"
2020-03-11,14,"Molise",41.55774754,14.65916051,4,3,7,9,16,1,0,0,16,233,"Molise"
2020-03-11,1,"Piemonte",45.0732745,7.680687483,319,75,394,86,480,44,0,21,501,2431,"Piemonte"
2020-03-11,16,"Puglia",41.12559576,16.86736689,38,4,42,29,71,16,1,5,77,909,"Apulia"
2020-03-11,20,"Sardegna",39.21531192,9.110616306,10,0,10,27,37,17,0,0,37,283,"Sardegna"
2020-03-11,19,"Sicilia",38.11569725,13.3623567,23,1,24,57,81,21,2,0,83,1194,"Sicily"
2020-03-11,9,"Toscana",43.76923077,11.25588885,87,54,141,173,314,54,5,1,320,2804,"Toscana"
2020-03-11,4,"P.A. Trento",46.06893511,11.12123097,28,4,32,42,74,24,3,0,77,527,"Trentino-Alto Adige"
2020-03-11,10,"Umbria",43.10675841,12.38824698,7,5,12,32,44,7,2,0,46,340,"Umbria"
2020-03-11,2,"Valle d'Aosta",45.73750286,7.320149366,2,0,2,17,19,2,0,1,20,99,"Valle d'Aosta"
2020-03-11,5,"Veneto",45.43490485,12.33845213,262,68,330,610,940,157,54,29,1023,21400,"Veneto"
2020-03-12,13,"Abruzzo",42.35122196,13.39843823,47,12,59,19,78,41,4,2,84,867,"Abruzzo"
2020-03-12,17,"Basilicata",40.63947052,15.80514834,1,1,2,6,8,0,0,0,8,155,"Basilicata"
2020-03-12,4,"P.A. Bolzano",46.49933453,11.35662422,21,4,25,78,103,28,0,1,104,607,"Trentino-Alto Adige"
2020-03-12,18,"Calabria",38.90597598,16.59440194,14,2,16,16,32,15,1,0,33,483,"Calabria"
2020-03-12,15,"Campania",40.83956555,14.25084984,56,11,67,107,174,25,4,1,179,1551,"Campania"
2020-03-12,8,"Emilia-Romagna",44.49436681,11.3417208,814,112,926,832,1758,170,43,146,1947,7600,"Emilia-Romagna"
2020-03-12,6,"Friuli Venezia Giulia",45.6494354,13.76813649,23,10,33,115,148,38,11,8,167,2604,"Friuli-Venezia Giulia"
2020-03-12,12,"Lazio",41.89277044,12.48366722,85,20,105,67,172,47,19,9,200,5592,"Lazio"
2020-03-12,7,"Liguria",44.41149315,8.9326992,100,36,136,107,243,62,20,11,274,1174,"Liguria"
2020-03-12,3,"Lombardia",45.46679409,9.190347404,4247,605,4852,2044,6896,1133,1085,744,8725,29534,"Lombardia"
2020-03-12,11,"Marche",43.61675973,13.5188753,254,76,330,240,570,109,0,22,592,1907,"Marche"
2020-03-12,14,"Molise",41.55774754,14.65916051,4,3,7,9,16,0,0,0,16,238,"Molise"
2020-03-12,1,"Piemonte",45.0732745,7.680687483,368,97,465,89,554,74,0,26,580,2879,"Piemonte"
2020-03-12,16,"Puglia",41.12559576,16.86736689,58,2,60,38,98,27,1,5,104,1269,"Apulia"
2020-03-12,20,"Sardegna",39.21531192,9.110616306,12,0,12,27,39,2,0,0,39,302,"Sardegna"
2020-03-12,19,"Sicilia",38.11569725,13.3623567,28,5,33,78,111,30,2,2,115,1477,"Sicily"
2020-03-12,9,"Toscana",43.76923077,11.25588885,100,59,159,193,352,38,7,5,364,3165,"Toscana"
2020-03-12,4,"P.A. Trento",46.06893511,11.12123097,43,5,48,54,102,28,4,1,107,593,"Trentino-Alto Adige"
2020-03-12,10,"Umbria",43.10675841,12.38824698,8,8,16,46,62,18,2,0,64,458,"Umbria"
2020-03-12,2,"Valle d'Aosta",45.73750286,7.320149366,7,0,7,19,26,7,0,1,27,118,"Valle d'Aosta"
2020-03-12,5,"Veneto",45.43490485,12.33845213,360,85,445,852,1297,357,55,32,1384,23438,"Veneto"
2020-03-13,13,"Abruzzo",42.35122196,13.39843823,42,14,56,27,83,5,4,2,89,958,"Abruzzo"
2020-03-13,17,"Basilicata",40.63947052,15.80514834,1,1,2,8,10,2,0,0,10,155,"Basilicata"
2020-03-13,4,"P.A. Bolzano",46.49933453,11.35662422,20,5,25,98,123,20,0,2,125,811,"Trentino-Alto Adige"
2020-03-13,18,"Calabria",38.90597598,16.59440194,18,3,21,16,37,5,1,0,38,504,"Calabria"
2020-03-13,15,"Campania",40.83956555,14.25084984,60,19,79,134,213,39,5,2,220,1671,"Campania"
2020-03-13,8,"Emilia-Romagna",44.49436681,11.3417208,942,128,1070,941,2011,253,51,201,2263,8787,"Emilia-Romagna"
2020-03-13,6,"Friuli Venezia Giulia",45.6494354,13.76813649,59,8,67,169,236,88,11,10,257,3149,"Friuli-Venezia Giulia"
2020-03-13,12,"Lazio",41.89277044,12.48366722,122,24,146,96,242,70,24,11,277,6491,"Lazio"
2020-03-13,7,"Liguria",44.41149315,8.9326992,128,44,172,132,304,61,24,17,345,1442,"Liguria"
2020-03-13,3,"Lombardia",45.46679409,9.190347404,4435,650,5085,2647,7732,836,1198,890,9820,32700,"Lombardia"
2020-03-13,11,"Marche",43.61675973,13.5188753,337,85,422,276,698,128,0,27,725,2218,"Marche"
2020-03-13,14,"Molise",41.55774754,14.65916051,5,3,8,9,17,1,0,0,17,243,"Molise"
2020-03-13,1,"Piemonte",45.0732745,7.680687483,556,135,691,103,794,240,0,46,840,3105,"Piemonte"
2020-03-13,16,"Puglia",41.12559576,16.86736689,77,2,79,42,121,23,3,5,129,1449,"Apulia"
2020-03-13,20,"Sardegna",39.21531192,9.110616306,12,0,12,31,43,4,0,0,43,504,"Sardegna"
2020-03-13,19,"Sicilia",38.11569725,13.3623567,37,7,44,82,126,15,2,2,130,1950,"Sicily"
2020-03-13,9,"Toscana",43.76923077,11.25588885,134,77,211,244,455,103,10,5,470,4049,"Toscana"
2020-03-13,4,"P.A. Trento",46.06893511,11.12123097,58,6,64,93,157,55,4,2,163,846,"Trentino-Alto Adige"
2020-03-13,10,"Umbria",43.10675841,12.38824698,11,10,21,52,73,11,2,1,76,576,"Umbria"
2020-03-13,2,"Valle d'Aosta",45.73750286,7.320149366,6,0,6,21,27,1,0,1,28,189,"Valle d'Aosta"
2020-03-13,5,"Veneto",45.43490485,12.33845213,366,107,473,980,1453,156,100,42,1595,25691,"Veneto"
2020-03-14,13,"Abruzzo",42.35122196,13.39843823,51,14,65,41,106,23,4,2,112,1232,"Abruzzo"
2020-03-14,17,"Basilicata",40.63947052,15.80514834,0,2,2,8,10,0,0,0,10,155,"Basilicata"
2020-03-14,4,"P.A. Bolzano",46.49933453,11.35662422,26,7,33,137,170,47,0,3,173,1135,"Trentino-Alto Adige"
2020-03-14,18,"Calabria",38.90597598,16.59440194,22,4,26,33,59,22,1,0,60,711,"Calabria"
2020-03-14,15,"Campania",40.83956555,14.25084984,72,17,89,154,243,30,23,6,272,1936,"Campania"
2020-03-14,8,"Emilia-Romagna",44.49436681,11.3417208,1076,152,1228,1121,2349,338,54,241,2644,10043,"Emilia-Romagna"
2020-03-14,6,"Friuli Venezia Giulia",45.6494354,13.76813649,67,11,78,193,271,35,17,13,301,3376,"Friuli-Venezia Giulia"
2020-03-14,12,"Lazio",41.89277044,12.48366722,181,25,206,114,320,78,24,13,357,7335,"Lazio"
2020-03-14,7,"Liguria",44.41149315,8.9326992,213,62,275,109,384,80,52,27,463,1750,"Liguria"
2020-03-14,3,"Lombardia",45.46679409,9.190347404,4898,732,5630,3429,9059,1327,1660,966,11685,37138,"Lombardia"
2020-03-14,11,"Marche",43.61675973,13.5188753,449,93,542,321,863,165,0,36,899,2561,"Marche"
2020-03-14,14,"Molise",41.55774754,14.65916051,5,3,8,9,17,0,0,0,17,247,"Molise"
2020-03-14,1,"Piemonte",45.0732745,7.680687483,538,150,688,126,814,20,0,59,873,3680,"Piemonte"
2020-03-14,16,"Puglia",41.12559576,16.86736689,91,6,97,59,156,35,2,8,166,1681,"Apulia"
2020-03-14,20,"Sardegna",39.21531192,9.110616306,14,0,14,33,47,4,0,0,47,530,"Sardegna"
2020-03-14,19,"Sicilia",38.11569725,13.3623567,42,11,53,97,150,24,4,2,156,2100,"Sicily"
2020-03-14,9,"Toscana",43.76923077,11.25588885,160,87,247,367,614,159,10,6,630,4595,"Toscana"
2020-03-14,4,"P.A. Trento",46.06893511,11.12123097,68,12,80,119,199,42,5,2,206,1006,"Trentino-Alto Adige"
2020-03-14,10,"Umbria",43.10675841,12.38824698,21,11,32,71,103,30,3,1,107,748,"Umbria"
2020-03-14,2,"Valle d'Aosta",45.73750286,7.320149366,12,0,12,29,41,14,0,1,42,231,"Valle d'Aosta"
2020-03-14,5,"Veneto",45.43490485,12.33845213,366,119,485,1290,1775,322,107,55,1937,26980,"Veneto"
2020-03-15,13,"Abruzzo",42.35122196,13.39843823,72,28,100,28,128,22,6,3,137,1419,"Abruzzo"
2020-03-15,17,"Basilicata",40.63947052,15.80514834,0,2,2,9,11,1,0,0,11,208,"Basilicata"
2020-03-15,4,"P.A. Bolzano",46.49933453,11.35662422,50,4,54,145,199,29,0,5,204,1497,"Trentino-Alto Adige"
2020-03-15,18,"Calabria",38.90597598,16.59440194,32,6,38,28,66,7,1,1,68,884,"Calabria"
2020-03-15,15,"Campania",40.83956555,14.25084984,73,22,95,201,296,53,28,9,333,2213,"Campania"
2020-03-15,8,"Emilia-Romagna",44.49436681,11.3417208,1215,169,1384,1357,2741,392,68,284,3093,12054,"Emilia-Romagna"
2020-03-15,6,"Friuli Venezia Giulia",45.6494354,13.76813649,98,12,110,206,316,45,17,14,347,3407,"Friuli-Venezia Giulia"
2020-03-15,12,"Lazio",41.89277044,12.48366722,223,31,254,142,396,76,24,16,436,8345,"Lazio"
2020-03-15,7,"Liguria",44.41149315,8.9326992,253,66,319,174,493,109,33,33,559,1973,"Liguria"
2020-03-15,3,"Lombardia",45.46679409,9.190347404,5500,767,6267,3776,10043,984,2011,1218,13272,40369,"Lombardia"
2020-03-15,11,"Marche",43.61675973,13.5188753,521,98,619,468,1087,224,0,46,1133,2946,"Marche"
2020-03-15,14,"Molise",41.55774754,14.65916051,3,4,7,10,17,0,0,0,17,248,"Molise"
2020-03-15,1,"Piemonte",45.0732745,7.680687483,726,171,897,133,1030,216,0,81,1111,4375,"Piemonte"
2020-03-15,16,"Puglia",41.12559576,16.86736689,116,6,122,90,212,56,2,16,230,2017,"Apulia"
2020-03-15,20,"Sardegna",39.21531192,9.110616306,16,0,16,59,75,28,0,2,77,613,"Sardegna"
2020-03-15,19,"Sicilia",38.11569725,13.3623567,56,15,71,108,179,29,7,2,188,2452,"Sicily"
2020-03-15,9,"Toscana",43.76923077,11.25588885,175,107,282,481,763,149,10,8,781,5132,"Toscana"
2020-03-15,4,"P.A. Trento",46.06893511,11.12123097,73,19,92,275,367,168,5,6,378,1006,"Trentino-Alto Adige"
2020-03-15,10,"Umbria",43.10675841,12.38824698,25,13,38,101,139,36,3,1,143,965,"Umbria"
2020-03-15,2,"Valle d'Aosta",45.73750286,7.320149366,10,3,13,43,56,15,0,1,57,230,"Valle d'Aosta"
2020-03-15,5,"Veneto",45.43490485,12.33845213,426,129,555,1434,1989,214,120,63,2172,32546,"Veneto"
2020-03-16,13,"Abruzzo",42.35122196,13.39843823,71,37,108,57,165,37,7,4,176,1533,"Abruzzo"
2020-03-16,17,"Basilicata",40.63947052,15.80514834,1,2,3,9,12,1,0,0,12,230,"Basilicata"
2020-03-16,4,"P.A. Bolzano",46.49933453,11.35662422,53,11,64,171,235,36,0,6,241,1740,"Trentino-Alto Adige"
2020-03-16,18,"Calabria",38.90597598,16.59440194,36,7,43,44,87,21,1,1,89,1030,"Calabria"
2020-03-16,15,"Campania",40.83956555,14.25084984,103,22,125,238,363,67,28,9,400,2517,"Campania"
2020-03-16,8,"Emilia-Romagna",44.49436681,11.3417208,1362,197,1559,1529,3088,347,88,346,3522,13096,"Emilia-Romagna"
2020-03-16,6,"Friuli Venezia Giulia",45.6494354,13.76813649,96,19,115,231,346,30,18,22,386,4851,"Friuli-Venezia Giulia"
2020-03-16,12,"Lazio",41.89277044,12.48366722,267,31,298,174,472,76,32,19,523,9330,"Lazio"
2020-03-16,7,"Liguria",44.41149315,8.9326992,255,73,328,247,575,82,42,50,667,2189,"Liguria"
2020-03-16,3,"Lombardia",45.46679409,9.190347404,6171,823,6994,3867,10861,818,2368,1420,14649,43565,"Lombardia"
2020-03-16,11,"Marche",43.61675973,13.5188753,528,110,638,547,1185,98,0,57,1242,3225,"Marche"
2020-03-16,14,"Molise",41.55774754,14.65916051,3,5,8,7,15,-2,5,1,21,253,"Molise"
2020-03-16,1,"Piemonte",45.0732745,7.680687483,1045,186,1231,174,1405,375,0,111,1516,5588,"Piemonte"
2020-03-16,16,"Puglia",41.12559576,16.86736689,116,6,122,90,212,0,2,16,230,2017,"Apulia"
2020-03-16,20,"Sardegna",39.21531192,9.110616306,39,0,39,66,105,30,0,2,107,797,"Sardegna"
2020-03-16,19,"Sicilia",38.11569725,13.3623567,75,20,95,108,203,24,8,2,213,2653,"Sicily"
2020-03-16,9,"Toscana",43.76923077,11.25588885,175,107,282,559,841,78,11,14,866,5910,"Toscana"
2020-03-16,4,"P.A. Trento",46.06893511,11.12123097,73,19,92,275,367,0,5,6,378,1006,"Trentino-Alto Adige"
2020-03-16,10,"Umbria",43.10675841,12.38824698,30,15,45,114,159,20,4,1,164,1093,"Umbria"
2020-03-16,2,"Valle d'Aosta",45.73750286,7.320149366,28,5,33,70,103,47,0,2,105,287,"Valle d'Aosta"
2020-03-16,5,"Veneto",45.43490485,12.33845213,498,156,654,1620,2274,285,130,69,2473,35052,"Veneto"
2020-03-17,13,"Abruzzo",42.35122196,13.39843823,94,32,126,90,216,51,7,6,229,1688,"Abruzzo"
2020-03-17,17,"Basilicata",40.63947052,15.80514834,5,2,7,13,20,8,0,0,20,262,"Basilicata"
2020-03-17,4,"P.A. Bolzano",46.49933453,11.35662422,71,11,82,200,282,47,1,8,291,2149,"Trentino-Alto Adige"
2020-03-17,18,"Calabria",38.90597598,16.59440194,45,10,55,57,112,25,1,1,114,1293,"Calabria"
2020-03-17,15,"Campania",40.83956555,14.25084984,127,24,151,272,423,60,28,9,460,2685,"Campania"
2020-03-17,8,"Emilia-Romagna",44.49436681,11.3417208,1566,223,1789,1615,3404,316,134,393,3931,14510,"Emilia-Romagna"
2020-03-17,6,"Friuli Venezia Giulia",45.6494354,13.76813649,104,21,125,222,347,1,17,30,394,4958,"Friuli-Venezia Giulia"
2020-03-17,12,"Lazio",41.89277044,12.48366722,314,44,358,192,550,78,34,23,607,9436,"Lazio"
2020-03-17,7,"Liguria",44.41149315,8.9326992,299,85,384,277,661,86,57,60,778,2509,"Liguria"
2020-03-17,3,"Lombardia",45.46679409,9.190347404,6953,879,7832,4263,12095,1234,2485,1640,16220,46449,"Lombardia"
2020-03-17,11,"Marche",43.61675973,13.5188753,599,109,708,594,1302,117,0,69,1371,3225,"Marche"
2020-03-17,14,"Molise",41.55774754,14.65916051,7,5,12,7,19,4,5,1,25,301,"Molise"
2020-03-17,1,"Piemonte",45.0732745,7.680687483,1378,206,1584,180,1764,359,0,133,1897,6543,"Piemonte"
2020-03-17,16,"Puglia",41.12559576,16.86736689,155,14,169,151,320,108,2,18,340,3077,"Apulia"
2020-03-17,20,"Sardegna",39.21531192,9.110616306,36,4,40,75,115,10,0,2,117,1003,"Sardegna"
2020-03-17,19,"Sicilia",38.11569725,13.3623567,86,28,114,112,226,23,8,3,237,2916,"Sicily"
2020-03-17,9,"Toscana",43.76923077,11.25588885,329,143,472,552,1024,183,12,17,1053,6727,"Toscana"
2020-03-17,4,"P.A. Trento",46.06893511,11.12123097,107,22,129,239,368,1,10,7,385,1727,"Trentino-Alto Adige"
2020-03-17,10,"Umbria",43.10675841,12.38824698,36,21,57,135,192,33,4,1,197,1323,"Umbria"
2020-03-17,2,"Valle d'Aosta",45.73750286,7.320149366,35,6,41,93,134,31,0,2,136,398,"Valle d'Aosta"
2020-03-17,5,"Veneto",45.43490485,12.33845213,548,171,719,1769,2488,214,136,80,2704,35478,"Veneto"
2020-03-18,13,"Abruzzo",42.35122196,13.39843823,99,41,140,109,249,33,7,7,263,2054,"Abruzzo"
2020-03-18,17,"Basilicata",40.63947052,15.80514834,9,2,11,16,27,7,0,0,27,262,"Basilicata"
2020-03-18,4,"P.A. Bolzano",46.49933453,11.35662422,79,18,97,269,366,84,1,9,376,2844,"Trentino-Alto Adige"
2020-03-18,18,"Calabria",38.90597598,16.59440194,45,11,56,70,126,14,2,1,129,1668,"Calabria"
2020-03-18,15,"Campania",40.83956555,14.25084984,127,24,151,272,423,0,28,9,460,2685,"Campania"
2020-03-18,8,"Emilia-Romagna",44.49436681,11.3417208,1784,247,2031,1884,3915,511,152,458,4525,15461,"Emilia-Romagna"
2020-03-18,6,"Friuli Venezia Giulia",45.6494354,13.76813649,128,27,155,261,416,69,15,31,462,4958,"Friuli-Venezia Giulia"
2020-03-18,12,"Lazio",41.89277044,12.48366722,374,44,418,232,650,100,42,32,724,11145,"Lazio"
2020-03-18,7,"Liguria",44.41149315,8.9326992,401,100,501,243,744,83,70,73,887,2912,"Liguria"
2020-03-18,3,"Lombardia",45.46679409,9.190347404,7285,924,8209,4057,12266,171,3488,1959,17713,48983,"Lombardia"
2020-03-18,11,"Marche",43.61675973,13.5188753,638,119,757,719,1476,174,0,92,1568,4109,"Marche"
2020-03-18,14,"Molise",41.55774754,14.65916051,7,6,13,8,21,2,6,1,28,361,"Molise"
2020-03-18,1,"Piemonte",45.0732745,7.680687483,1780,227,2007,180,2187,423,0,154,2341,7516,"Piemonte"
2020-03-18,16,"Puglia",41.12559576,16.86736689,156,30,186,176,362,42,2,19,383,3433,"Apulia"
2020-03-18,20,"Sardegna",39.21531192,9.110616306,42,7,49,83,132,17,0,2,134,1135,"Sardegna"
2020-03-18,19,"Sicilia",38.11569725,13.3623567,100,29,129,138,267,41,12,3,282,3294,"Sicily"
2020-03-18,9,"Toscana",43.76923077,11.25588885,427,160,587,704,1291,267,17,22,1330,7606,"Toscana"
2020-03-18,4,"P.A. Trento",46.06893511,11.12123097,141,22,163,273,436,68,12,7,455,2187,"Trentino-Alto Adige"
2020-03-18,10,"Umbria",43.10675841,12.38824698,54,21,75,166,241,49,4,2,247,1601,"Umbria"
2020-03-18,2,"Valle d'Aosta",45.73750286,7.320149366,41,3,44,118,162,28,0,3,165,486,"Valle d'Aosta"
2020-03-18,5,"Veneto",45.43490485,12.33845213,646,195,841,2112,2953,465,167,94,3214,40841,"Veneto"
2020-03-19,13,"Abruzzo",42.35122196,13.39843823,181,47,228,138,366,117,8,11,385,2409,"Abruzzo"
2020-03-19,17,"Basilicata",40.63947052,15.80514834,8,5,13,24,37,10,0,0,37,353,"Basilicata"
2020-03-19,4,"P.A. Bolzano",46.49933453,11.35662422,87,18,105,316,421,55,1,14,436,3568,"Trentino-Alto Adige"
2020-03-19,18,"Calabria",38.90597598,16.59440194,60,13,73,91,164,38,2,3,169,2342,"Calabria"
2020-03-19,15,"Campania",40.83956555,14.25084984,213,36,249,356,605,182,30,17,652,3544,"Campania"
2020-03-19,8,"Emilia-Romagna",44.49436681,11.3417208,1900,260,2160,2346,4506,591,177,531,5214,18344,"Emilia-Romagna"
2020-03-19,6,"Friuli Venezia Giulia",45.6494354,13.76813649,134,29,163,359,522,106,41,36,599,4052,"Friuli-Venezia Giulia"
2020-03-19,12,"Lazio",41.89277044,12.48366722,426,45,471,270,741,91,44,38,823,11145,"Lazio"
2020-03-19,7,"Liguria",44.41149315,8.9326992,491,112,603,280,883,139,85,91,1059,3348,"Liguria"
2020-03-19,3,"Lombardia",45.46679409,9.190347404,7387,1006,8393,5545,13938,1672,3778,2168,19884,52244,"Lombardia"
2020-03-19,11,"Marche",43.61675973,13.5188753,656,141,797,825,1622,146,0,115,1737,4512,"Marche"
2020-03-19,14,"Molise",41.55774754,14.65916051,19,6,25,13,38,17,6,2,46,426,"Molise"
2020-03-19,1,"Piemonte",45.0732745,7.680687483,2279,257,2536,218,2754,567,3,175,2932,8853,"Piemonte"
2020-03-19,16,"Puglia",41.12559576,16.86736689,173,31,204,245,449,87,4,25,478,4046,"Apulia"
2020-03-19,20,"Sardegna",39.21531192,9.110616306,43,9,52,152,204,72,0,2,206,1334,"Sardegna"
2020-03-19,19,"Sicilia",38.11569725,13.3623567,143,36,179,142,321,54,15,4,340,3961,"Sicily"
2020-03-19,9,"Toscana",43.76923077,11.25588885,501,178,679,743,1422,131,22,38,1482,8873,"Toscana"
2020-03-19,4,"P.A. Trento",46.06893511,11.12123097,169,30,199,292,491,55,20,12,523,2203,"Trentino-Alto Adige"
2020-03-19,10,"Umbria",43.10675841,12.38824698,69,21,90,238,328,87,4,2,334,1954,"Umbria"
2020-03-19,2,"Valle d'Aosta",45.73750286,7.320149366,47,9,56,153,209,47,0,6,215,608,"Valle d'Aosta"
2020-03-19,5,"Veneto",45.43490485,12.33845213,771,209,980,2189,3169,216,200,115,3484,44658,"Veneto"
2020-03-20,13,"Abruzzo",42.35122196,13.39843823,190,48,238,184,422,56,10,17,449,2695,"Abruzzo"
2020-03-20,17,"Basilicata",40.63947052,15.80514834,8,5,13,39,52,15,0,0,52,443,"Basilicata"
2020-03-20,4,"P.A. Bolzano",46.49933453,11.35662422,99,24,123,407,530,109,1,17,548,4433,"Trentino-Alto Adige"
2020-03-20,18,"Calabria",38.90597598,16.59440194,71,16,87,114,201,37,2,4,207,2690,"Calabria"
2020-03-20,15,"Campania",40.83956555,14.25084984,130,41,171,531,702,97,30,17,749,3845,"Campania"
2020-03-20,8,"Emilia-Romagna",44.49436681,11.3417208,2083,267,2350,2739,5089,583,239,640,5968,20753,"Emilia-Romagna"
2020-03-20,6,"Friuli Venezia Giulia",45.6494354,13.76813649,143,32,175,380,555,33,63,38,656,4964,"Friuli-Venezia Giulia"
2020-03-20,12,"Lazio",41.89277044,12.48366722,537,47,584,328,912,171,53,43,1008,13889,"Lazio"
2020-03-20,7,"Liguria",44.41149315,8.9326992,573,121,694,307,1001,118,101,119,1221,3794,"Liguria"
2020-03-20,3,"Lombardia",45.46679409,9.190347404,7735,1050,8785,6635,15420,1482,4295,2549,22264,57174,"Lombardia"
2020-03-20,11,"Marche",43.61675973,13.5188753,704,138,842,1002,1844,222,0,137,1981,5170,"Marche"
2020-03-20,14,"Molise",41.55774754,14.65916051,20,6,26,13,39,1,6,5,50,426,"Molise"
2020-03-20,1,"Piemonte",45.0732745,7.680687483,1541,280,1821,1423,3244,490,8,209,3461,9975,"Piemonte"
2020-03-20,16,"Puglia",41.12559576,16.86736689,191,31,222,329,551,102,4,26,581,4789,"Apulia"
2020-03-20,20,"Sardegna",39.21531192,9.110616306,56,15,71,217,288,84,3,2,293,1912,"Sardegna"
2020-03-20,19,"Sicilia",38.11569725,13.3623567,168,42,210,169,379,58,25,4,408,4468,"Sicily"
2020-03-20,9,"Toscana",43.76923077,11.25588885,601,189,790,923,1713,291,33,47,1793,10405,"Toscana"
2020-03-20,4,"P.A. Trento",46.06893511,11.12123097,198,34,232,368,600,109,29,13,642,2656,"Trentino-Alto Adige"
2020-03-20,10,"Umbria",43.10675841,12.38824698,75,24,99,285,384,56,4,7,395,2303,"Umbria"
2020-03-20,2,"Valle d'Aosta",45.73750286,7.320149366,54,9,63,194,257,48,0,7,264,814,"Valle d'Aosta"
2020-03-20,5,"Veneto",45.43490485,12.33845213,843,236,1079,2598,3677,508,223,131,4031,49288,"Veneto"
2020-03-21,13,"Abruzzo",42.35122196,13.39843823,185,44,229,265,494,72,13,22,529,3035,"Abruzzo"
2020-03-21,17,"Basilicata",40.63947052,15.80514834,12,7,19,47,66,14,0,0,66,522,"Basilicata"
2020-03-21,4,"P.A. Bolzano",46.49933453,11.35662422,127,30,157,443,600,70,1,20,621,5179,"Trentino-Alto Adige"
2020-03-21,18,"Calabria",38.90597598,16.59440194,73,16,89,136,225,24,5,5,235,3050,"Calabria"
2020-03-21,15,"Campania",40.83956555,14.25084984,233,87,320,473,793,91,29,22,844,4448,"Campania"
2020-03-21,8,"Emilia-Romagna",44.49436681,11.3417208,2267,265,2532,3129,5661,572,329,715,6705,24620,"Emilia-Romagna"
2020-03-21,6,"Friuli Venezia Giulia",45.6494354,13.76813649,152,37,189,477,666,111,82,42,790,5955,"Friuli-Venezia Giulia"
2020-03-21,12,"Lazio",41.89277044,12.48366722,591,70,661,425,1086,174,54,50,1190,13889,"Lazio"
2020-03-21,7,"Liguria",44.41149315,8.9326992,598,129,727,432,1159,158,125,152,1436,4304,"Liguria"
2020-03-21,3,"Lombardia",45.46679409,9.190347404,8258,1093,9351,8019,17370,1950,5050,3095,25515,66730,"Lombardia"
2020-03-21,11,"Marche",43.61675973,13.5188753,742,141,883,1114,1997,153,2,154,2153,5740,"Marche"
2020-03-21,14,"Molise",41.55774754,14.65916051,21,6,27,20,47,8,7,7,61,449,"Molise"
2020-03-21,1,"Piemonte",45.0732745,7.680687483,1976,301,2277,1229,3506,262,8,238,3752,10701,"Piemonte"
2020-03-21,16,"Puglia",41.12559576,16.86736689,209,33,242,400,642,91,4,29,675,5617,"Apulia"
2020-03-21,20,"Sardegna",39.21531192,9.110616306,65,16,81,240,321,33,5,4,330,2297,"Sardegna"
2020-03-21,19,"Sicilia",38.11569725,13.3623567,206,48,254,204,458,79,26,6,490,4883,"Sicily"
2020-03-21,9,"Toscana",43.76923077,11.25588885,664,202,866,1039,1905,192,35,72,2012,11909,"Toscana"
2020-03-21,4,"P.A. Trento",46.06893511,11.12123097,233,39,272,448,720,120,34,28,782,2656,"Trentino-Alto Adige"
2020-03-21,10,"Umbria",43.10675841,12.38824698,92,29,121,326,447,63,5,10,462,2712,"Umbria"
2020-03-21,2,"Valle d'Aosta",45.73750286,7.320149366,62,15,77,227,304,47,1,8,313,884,"Valle d'Aosta"
2020-03-21,5,"Veneto",45.43490485,12.33845213,942,249,1191,3023,4214,537,257,146,4617,53642,"Veneto"
2020-03-22,13,"Abruzzo",42.35122196,13.39843823,218,49,267,272,539,45,15,33,587,3375,"Abruzzo"
2020-03-22,17,"Basilicata",40.63947052,15.80514834,13,10,23,58,81,15,0,0,81,643,"Basilicata"
2020-03-22,4,"P.A. Bolzano",46.49933453,11.35662422,146,32,178,470,648,48,7,23,678,5718,"Trentino-Alto Adige"
2020-03-22,18,"Calabria",38.90597598,16.59440194,77,17,94,166,260,35,5,8,273,3666,"Calabria"
2020-03-22,15,"Campania",40.83956555,14.25084984,243,99,342,524,866,73,41,29,936,4943,"Campania"
2020-03-22,8,"Emilia-Romagna",44.49436681,11.3417208,2429,269,2698,3692,6390,729,349,816,7555,28022,"Emilia-Romagna"
2020-03-22,6,"Friuli Venezia Giulia",45.6494354,13.76813649,163,47,210,528,738,72,89,47,874,6761,"Friuli-Venezia Giulia"
2020-03-22,12,"Lazio",41.89277044,12.48366722,671,79,750,522,1272,186,58,53,1383,17845,"Lazio"
2020-03-22,7,"Liguria",44.41149315,8.9326992,736,132,868,483,1351,192,143,171,1665,4995,"Liguria"
2020-03-22,3,"Lombardia",45.46679409,9.190347404,9439,1142,10581,7304,17885,515,5865,3456,27206,70598,"Lombardia"
2020-03-22,11,"Marche",43.61675973,13.5188753,816,138,954,1277,2231,234,6,184,2421,6391,"Marche"
2020-03-22,14,"Molise",41.55774754,14.65916051,24,7,31,21,52,5,7,7,66,532,"Molise"
2020-03-22,1,"Piemonte",45.0732745,7.680687483,2118,308,2426,1701,4127,621,10,283,4420,12701,"Piemonte"
2020-03-22,16,"Puglia",41.12559576,16.86736689,252,37,289,459,748,106,7,31,786,6160,"Apulia"
2020-03-22,20,"Sardegna",39.21531192,9.110616306,67,16,83,244,327,6,5,7,339,2402,"Sardegna"
2020-03-22,19,"Sicilia",38.11569725,13.3623567,220,55,275,321,596,138,26,8,630,5580,"Sicily"
2020-03-22,9,"Toscana",43.76923077,11.25588885,706,215,921,1223,2144,239,42,91,2277,13264,"Toscana"
2020-03-22,4,"P.A. Trento",46.06893511,11.12123097,235,46,281,604,885,165,34,35,954,3050,"Trentino-Alto Adige"
2020-03-22,10,"Umbria",43.10675841,12.38824698,97,35,132,368,500,53,5,16,521,3135,"Umbria"
2020-03-22,2,"Valle d'Aosta",45.73750286,7.320149366,63,21,84,270,354,50,1,9,364,950,"Valle d'Aosta"
2020-03-22,5,"Veneto",45.43490485,12.33845213,1113,255,1368,3276,4644,430,309,169,5122,57671,"Veneto"
2020-03-23,13,"Abruzzo",42.35122196,13.39843823,228,52,280,325,605,66,20,38,663,3674,"Abruzzo"
2020-03-23,17,"Basilicata",40.63947052,15.80514834,15,12,27,62,89,8,0,1,90,696,"Basilicata"
2020-03-23,4,"P.A. Bolzano",46.49933453,11.35662422,145,33,178,510,688,40,7,29,724,6084,"Trentino-Alto Adige"
2020-03-23,18,"Calabria",38.90597598,16.59440194,82,20,102,178,280,20,5,7,292,4073,"Calabria"
2020-03-23,15,"Campania",40.83956555,14.25084984,266,110,376,553,929,63,48,49,1026,5813,"Campania"
2020-03-23,8,"Emilia-Romagna",44.49436681,11.3417208,2846,276,3122,4098,7220,830,423,892,8535,31200,"Emilia-Romagna"
2020-03-23,6,"Friuli Venezia Giulia",45.6494354,13.76813649,185,41,226,545,771,33,105,54,930,7424,"Friuli-Venezia Giulia"
2020-03-23,12,"Lazio",41.89277044,12.48366722,718,96,814,600,1414,142,63,63,1540,18371,"Lazio"
2020-03-23,7,"Liguria",44.41149315,8.9326992,761,133,894,659,1553,202,159,212,1924,5538,"Liguria"
2020-03-23,3,"Lombardia",45.46679409,9.190347404,9266,1183,10449,8461,18910,1025,6075,3776,28761,73242,"Lombardia"
2020-03-23,11,"Marche",43.61675973,13.5188753,882,148,1030,1328,2358,127,8,203,2569,6782,"Marche"
2020-03-23,14,"Molise",41.55774754,14.65916051,25,7,32,18,50,-2,10,7,67,532,"Molise"
2020-03-23,1,"Piemonte",45.0732745,7.680687483,2194,343,2537,1992,4529,402,17,315,4861,13560,"Piemonte"
2020-03-23,16,"Puglia",41.12559576,16.86736689,285,45,330,532,862,114,7,37,906,6761,"Apulia"
2020-03-23,20,"Sardegna",39.21531192,9.110616306,76,18,94,249,343,16,5,11,359,2568,"Sardegna"
2020-03-23,19,"Sicilia",38.11569725,13.3623567,250,60,310,371,681,85,27,13,721,6375,"Sicily"
2020-03-23,9,"Toscana",43.76923077,11.25588885,838,238,1076,1225,2301,157,51,109,2461,13851,"Toscana"
2020-03-23,4,"P.A. Trento",46.06893511,11.12123097,249,46,295,619,914,29,68,41,1023,3150,"Trentino-Alto Adige"
2020-03-23,10,"Umbria",43.10675841,12.38824698,106,42,148,408,556,56,5,16,577,3561,"Umbria"
2020-03-23,2,"Valle d'Aosta",45.73750286,7.320149366,69,20,89,290,379,25,2,12,393,1098,"Valle d'Aosta"
2020-03-23,5,"Veneto",45.43490485,12.33845213,1206,281,1487,3499,4986,342,327,192,5505,61115,"Veneto"
2020-03-24,13,"Abruzzo",42.35122196,13.39843823,234,57,291,331,622,17,21,46,689,4294,"Abruzzo"
2020-03-24,17,"Basilicata",40.63947052,15.80514834,14,12,26,65,91,2,0,1,92,744,"Basilicata"
2020-03-24,4,"P.A. Bolzano",46.49933453,11.35662422,166,38,204,495,699,11,44,38,781,6509,"Trentino-Alto Adige"
2020-03-24,18,"Calabria",38.90597598,16.59440194,88,21,109,195,304,24,5,10,319,4486,"Calabria"
2020-03-24,15,"Campania",40.83956555,14.25084984,345,181,526,466,992,63,53,56,1101,6297,"Campania"
2020-03-24,8,"Emilia-Romagna",44.49436681,11.3417208,2974,291,3265,4446,7711,491,558,985,9254,33527,"Emilia-Romagna"
2020-03-24,6,"Friuli Venezia Giulia",45.6494354,13.76813649,195,49,244,604,848,77,80,64,992,8526,"Friuli-Venezia Giulia"
2020-03-24,12,"Lazio",41.89277044,12.48366722,747,94,841,704,1545,131,103,80,1728,18371,"Lazio"
2020-03-24,7,"Liguria",44.41149315,8.9326992,803,147,950,742,1692,139,193,231,2116,5992,"Liguria"
2020-03-24,3,"Lombardia",45.46679409,9.190347404,9711,1194,10905,8963,19868,958,6657,4178,30703,76695,"Lombardia"
2020-03-24,11,"Marche",43.61675973,13.5188753,862,149,1011,1486,2497,139,8,231,2736,7229,"Marche"
2020-03-24,14,"Molise",41.55774754,14.65916051,27,7,34,21,55,5,10,8,73,572,"Molise"
2020-03-24,1,"Piemonte",45.0732745,7.680687483,2404,360,2764,2360,5124,595,17,374,5515,15469,"Piemonte"
2020-03-24,16,"Puglia",41.12559576,16.86736689,317,57,374,566,940,78,21,44,1005,7345,"Apulia"
2020-03-24,20,"Sardegna",39.21531192,9.110616306,80,19,99,296,395,52,11,15,421,2859,"Sardegna"
2020-03-24,19,"Sicilia",38.11569725,13.3623567,250,60,310,489,799,118,27,20,846,7170,"Sicily"
2020-03-24,9,"Toscana",43.76923077,11.25588885,918,244,1162,1357,2519,218,51,129,2699,15701,"Toscana"
2020-03-24,4,"P.A. Trento",46.06893511,11.12123097,308,49,357,618,975,61,79,56,1110,3712,"Trentino-Alto Adige"
2020-03-24,10,"Umbria",43.10675841,12.38824698,105,43,148,476,624,68,5,19,648,4108,"Umbria"
2020-03-24,2,"Valle d'Aosta",45.73750286,7.320149366,71,20,91,288,379,0,2,19,400,1180,"Valle d'Aosta"
2020-03-24,5,"Veneto",45.43490485,12.33845213,1318,304,1622,3729,5351,365,381,216,5948,66178,"Veneto"
2020-03-25,13,"Abruzzo",42.35122196,13.39843823,248,59,307,431,738,116,23,52,813,4982,"Abruzzo"
2020-03-25,17,"Basilicata",40.63947052,15.80514834,20,14,34,78,112,21,0,1,113,857,"Basilicata"
2020-03-25,4,"P.A. Bolzano",46.49933453,11.35662422,190,40,230,518,748,49,67,43,858,6649,"Trentino-Alto Adige"
2020-03-25,18,"Calabria",38.90597598,16.59440194,93,23,116,217,333,29,7,11,351,5058,"Calabria"
2020-03-25,15,"Campania",40.83956555,14.25084984,318,123,441,631,1072,80,53,74,1199,6972,"Campania"
2020-03-25,8,"Emilia-Romagna",44.49436681,11.3417208,3180,294,3474,4782,8256,545,721,1077,10054,38045,"Emilia-Romagna"
2020-03-25,6,"Friuli Venezia Giulia",45.6494354,13.76813649,200,52,252,659,911,63,158,70,1139,9494,"Friuli-Venezia Giulia"
2020-03-25,12,"Lazio",41.89277044,12.48366722,805,101,906,769,1675,130,131,95,1901,20669,"Lazio"
2020-03-25,7,"Liguria",44.41149315,8.9326992,927,147,1074,752,1826,134,225,254,2305,6602,"Liguria"
2020-03-25,3,"Lombardia",45.46679409,9.190347404,10026,1236,11262,9329,20591,723,7281,4474,32346,81666,"Lombardia"
2020-03-25,11,"Marche",43.61675973,13.5188753,938,148,1086,1553,2639,142,8,287,2934,7896,"Marche"
2020-03-25,14,"Molise",41.55774754,14.65916051,26,7,33,20,53,-2,12,8,73,580,"Molise"
2020-03-25,1,"Piemonte",45.0732745,7.680687483,2544,381,2925,2631,5556,432,19,449,6024,16655,"Piemonte"
2020-03-25,16,"Puglia",41.12559576,16.86736689,349,64,413,610,1023,83,22,48,1093,8223,"Apulia"
2020-03-25,20,"Sardegna",39.21531192,9.110616306,82,19,101,311,412,17,12,18,442,3019,"Sardegna"
2020-03-25,19,"Sicilia",38.11569725,13.3623567,259,80,339,597,936,137,33,25,994,8312,"Sicily"
2020-03-25,9,"Toscana",43.76923077,11.25588885,999,251,1250,1526,2776,257,54,142,2972,17868,"Toscana"
2020-03-25,4,"P.A. Trento",46.06893511,11.12123097,308,65,373,685,1058,83,90,74,1222,4114,"Trentino-Alto Adige"
2020-03-25,10,"Umbria",43.10675841,12.38824698,123,44,167,519,686,62,5,19,710,4707,"Umbria"
2020-03-25,2,"Valle d'Aosta",45.73750286,7.320149366,70,25,95,280,375,-4,2,24,401,1200,"Valle d'Aosta"
2020-03-25,5,"Veneto",45.43490485,12.33845213,1407,316,1723,4022,5745,394,439,258,6442,70877,"Veneto"
2020-03-26,13,"Abruzzo",42.35122196,13.39843823,280,64,344,516,860,122,23,63,946,5488,"Abruzzo"
2020-03-26,17,"Basilicata",40.63947052,15.80514834,22,16,38,95,133,21,0,1,134,1046,"Basilicata"
2020-03-26,4,"P.A. Bolzano",46.49933453,11.35662422,223,43,266,525,791,43,67,48,906,7744,"Trentino-Alto Adige"
2020-03-26,18,"Calabria",38.90597598,16.59440194,101,23,124,248,372,39,7,14,393,5933,"Calabria"
2020-03-26,15,"Campania",40.83956555,14.25084984,448,114,562,607,1169,97,58,83,1310,8346,"Campania"
2020-03-26,8,"Emilia-Romagna",44.49436681,11.3417208,3354,301,3655,5195,8850,594,792,1174,10816,42395,"Emilia-Romagna"
2020-03-26,6,"Friuli Venezia Giulia",45.6494354,13.76813649,212,54,266,688,954,43,197,72,1223,10721,"Friuli-Venezia Giulia"
2020-03-26,12,"Lazio",41.89277044,12.48366722,878,113,991,844,1835,160,155,106,2096,22771,"Lazio"
2020-03-26,7,"Liguria",44.41149315,8.9326992,998,154,1152,875,2027,201,260,280,2567,7304,"Liguria"
2020-03-26,3,"Lombardia",45.46679409,9.190347404,10681,1263,11944,10245,22189,1598,7839,4861,34889,87713,"Lombardia"
2020-03-26,11,"Marche",43.61675973,13.5188753,977,166,1143,1652,2795,156,9,310,3114,8623,"Marche"
2020-03-26,14,"Molise",41.55774754,14.65916051,27,8,35,46,81,28,14,8,103,670,"Molise"
2020-03-26,1,"Piemonte",45.0732745,7.680687483,2633,408,3041,2909,5950,394,135,449,6534,18054,"Piemonte"
2020-03-26,16,"Puglia",41.12559576,16.86736689,480,76,556,539,1095,72,22,65,1182,9191,"Apulia"
2020-03-26,20,"Sardegna",39.21531192,9.110616306,92,20,112,350,462,50,13,19,494,3461,"Sardegna"
2020-03-26,19,"Sicilia",38.11569725,13.3623567,346,68,414,681,1095,159,36,33,1164,9658,"Sicily"
2020-03-26,9,"Toscana",43.76923077,11.25588885,1037,259,1296,1677,2973,197,95,158,3226,20952,"Toscana"
2020-03-26,4,"P.A. Trento",46.06893511,11.12123097,300,66,366,728,1094,36,117,86,1297,4600,"Trentino-Alto Adige"
2020-03-26,10,"Umbria",43.10675841,12.38824698,144,46,190,580,770,84,12,20,802,5428,"Umbria"
2020-03-26,2,"Valle d'Aosta",45.73750286,7.320149366,73,24,97,281,378,3,2,28,408,1203,"Valle d'Aosta"
2020-03-26,5,"Veneto",45.43490485,12.33845213,1447,326,1773,4367,6140,395,508,287,6935,79759,"Veneto"
2020-03-27,13,"Abruzzo",42.35122196,13.39843823,289,71,360,565,925,65,24,68,1017,6109,"Abruzzo"
2020-03-27,17,"Basilicata",40.63947052,15.80514834,22,15,37,110,147,14,1,3,151,1254,"Basilicata"
2020-03-27,4,"P.A. Bolzano",46.49933453,11.35662422,249,45,294,539,833,42,110,60,1003,8520,"Trentino-Alto Adige"
2020-03-27,18,"Calabria",38.90597598,16.59440194,103,22,125,344,469,97,7,18,494,6901,"Calabria"
2020-03-27,15,"Campania",40.83956555,14.25084984,456,113,569,723,1292,123,64,98,1454,9613,"Campania"
2020-03-27,8,"Emilia-Romagna",44.49436681,11.3417208,3461,308,3769,5592,9361,511,960,1267,11588,47798,"Emilia-Romagna"
2020-03-27,6,"Friuli Venezia Giulia",45.6494354,13.76813649,222,57,279,748,1027,73,214,76,1317,11841,"Friuli-Venezia Giulia"
2020-03-27,12,"Lazio",41.89277044,12.48366722,992,126,1118,895,2013,178,164,118,2295,24106,"Lazio"
2020-03-27,7,"Liguria",44.41149315,8.9326992,1023,157,1180,880,2060,33,305,331,2696,7804,"Liguria"
2020-03-27,3,"Lombardia",45.46679409,9.190347404,11137,1292,12429,11466,23895,1706,8001,5402,37298,95860,"Lombardia"
2020-03-27,11,"Marche",43.61675973,13.5188753,979,162,1141,1709,2850,55,10,336,3196,9060,"Marche"
2020-03-27,14,"Molise",41.55774754,14.65916051,26,9,35,51,86,5,14,9,109,710,"Molise"
2020-03-27,1,"Piemonte",45.0732745,7.680687483,2852,431,3283,3064,6347,397,176,569,7092,19705,"Piemonte"
2020-03-27,16,"Puglia",41.12559576,16.86736689,530,82,612,624,1236,141,29,69,1334,10233,"Apulia"
2020-03-27,20,"Sardegna",39.21531192,9.110616306,93,19,112,384,496,34,13,21,530,3801,"Sardegna"
2020-03-27,19,"Sicilia",38.11569725,13.3623567,425,75,500,658,1158,63,53,39,1250,11079,"Sicily"
2020-03-27,9,"Toscana",43.76923077,11.25588885,1053,274,1327,1843,3170,197,103,177,3450,23746,"Toscana"
2020-03-27,4,"P.A. Trento",46.06893511,11.12123097,341,66,407,757,1164,70,125,102,1391,4923,"Trentino-Alto Adige"
2020-03-27,10,"Umbria",43.10675841,12.38824698,149,46,195,629,824,54,39,21,884,6137,"Umbria"
2020-03-27,2,"Valle d'Aosta",45.73750286,7.320149366,91,24,115,298,413,35,2,37,452,1252,"Valle d'Aosta"
2020-03-27,5,"Veneto",45.43490485,12.33845213,1536,338,1874,4774,6648,508,536,313,7497,83627,"Veneto"
2020-03-28,13,"Abruzzo",42.35122196,13.39843823,311,70,381,646,1027,102,30,76,1133,7003,"Abruzzo"
2020-03-28,17,"Basilicata",40.63947052,15.80514834,26,19,45,133,178,31,1,3,182,1421,"Basilicata"
2020-03-28,4,"P.A. Bolzano",46.49933453,11.35662422,225,51,276,653,929,96,116,64,1109,9168,"Trentino-Alto Adige"
2020-03-28,18,"Calabria",38.90597598,16.59440194,107,22,129,394,523,54,11,21,555,7760,"Calabria"
2020-03-28,15,"Campania",40.83956555,14.25084984,463,132,595,812,1407,115,76,109,1592,10616,"Campania"
2020-03-28,8,"Emilia-Romagna",44.49436681,11.3417208,3695,316,4011,5953,9964,603,1075,1344,12383,52991,"Emilia-Romagna"
2020-03-28,6,"Friuli Venezia Giulia",45.6494354,13.76813649,223,59,282,838,1120,93,229,87,1436,12723,"Friuli-Venezia Giulia"
2020-03-28,12,"Lazio",41.89277044,12.48366722,985,133,1118,1063,2181,168,200,124,2505,27179,"Lazio"
2020-03-28,7,"Liguria",44.41149315,8.9326992,1031,167,1198,888,2086,26,378,358,2822,8177,"Liguria"
2020-03-28,3,"Lombardia",45.46679409,9.190347404,11152,1319,12471,12038,24509,614,8962,5944,39415,102503,"Lombardia"
2020-03-28,11,"Marche",43.61675973,13.5188753,987,166,1153,1846,2999,149,10,364,3373,9884,"Marche"
2020-03-28,14,"Molise",41.55774754,14.65916051,26,9,35,63,98,12,16,9,123,807,"Molise"
2020-03-28,1,"Piemonte",45.0732745,7.680687483,3094,439,3533,3318,6851,504,203,617,7671,21511,"Piemonte"
2020-03-28,16,"Puglia",41.12559576,16.86736689,563,98,661,697,1358,122,29,71,1458,11500,"Apulia"
2020-03-28,20,"Sardegna",39.21531192,9.110616306,95,22,117,452,569,73,29,26,624,4225,"Sardegna"
2020-03-28,19,"Sicilia",38.11569725,13.3623567,441,71,512,730,1242,84,60,57,1359,13096,"Sicily"
2020-03-28,9,"Toscana",43.76923077,11.25588885,1093,277,1370,2141,3511,341,108,198,3817,25613,"Toscana"
2020-03-28,4,"P.A. Trento",46.06893511,11.12123097,351,72,423,811,1234,70,151,120,1505,5561,"Trentino-Alto Adige"
2020-03-28,10,"Umbria",43.10675841,12.38824698,159,44,203,695,898,74,43,28,969,7028,"Umbria"
2020-03-28,2,"Valle d'Aosta",45.73750286,7.320149366,90,26,116,352,468,55,2,41,511,1380,"Valle d'Aosta"
2020-03-28,5,"Veneto",45.43490485,12.33845213,1559,344,1903,5010,6913,265,655,362,7930,89380,"Veneto"
2020-03-29,13,"Abruzzo",42.35122196,13.39843823,329,68,397,772,1169,142,36,88,1293,7730,"Abruzzo"
2020-03-29,17,"Basilicata",40.63947052,15.80514834,32,18,50,147,197,19,1,4,202,1585,"Basilicata"
2020-03-29,4,"P.A. Bolzano",46.49933453,11.35662422,234,56,290,744,1034,105,116,64,1214,10137,"Trentino-Alto Adige"
2020-03-29,18,"Calabria",38.90597598,16.59440194,124,19,143,434,577,54,12,25,614,8485,"Calabria"
2020-03-29,15,"Campania",40.83956555,14.25084984,476,135,611,945,1556,149,86,117,1759,11805,"Campania"
2020-03-29,8,"Emilia-Romagna",44.49436681,11.3417208,3769,333,4102,6433,10535,571,1141,1443,13119,52991,"Emilia-Romagna"
2020-03-29,6,"Friuli Venezia Giulia",45.6494354,13.76813649,236,60,296,845,1141,21,241,98,1480,13397,"Friuli-Venezia Giulia"
2020-03-29,12,"Lazio",41.89277044,12.48366722,1062,133,1195,1167,2362,181,208,136,2706,27744,"Lazio"
2020-03-29,7,"Liguria",44.41149315,8.9326992,1077,166,1243,1036,2279,193,420,377,3076,9100,"Liguria"
2020-03-29,3,"Lombardia",45.46679409,9.190347404,11613,1328,12941,12451,25392,883,9255,6360,41007,107398,"Lombardia"
2020-03-29,11,"Marche",43.61675973,13.5188753,1000,168,1168,1992,3160,161,12,386,3558,10431,"Marche"
2020-03-29,14,"Molise",41.55774754,14.65916051,25,9,34,66,100,2,18,9,127,918,"Molise"
2020-03-29,1,"Piemonte",45.0732745,7.680687483,2985,443,3428,3840,7268,417,254,684,8206,24058,"Piemonte"
2020-03-29,16,"Puglia",41.12559576,16.86736689,559,99,658,774,1432,74,31,86,1549,12361,"Apulia"
2020-03-29,20,"Sardegna",39.21531192,9.110616306,105,23,128,454,582,13,29,27,638,4598,"Sardegna"
2020-03-29,19,"Sicilia",38.11569725,13.3623567,451,71,522,808,1330,88,65,65,1460,13814,"Sicily"
2020-03-29,9,"Toscana",43.76923077,11.25588885,1111,275,1386,2400,3786,275,121,215,4122,27579,"Toscana"
2020-03-29,4,"P.A. Trento",46.06893511,11.12123097,356,75,431,862,1293,59,172,129,1594,5950,"Trentino-Alto Adige"
2020-03-29,10,"Umbria",43.10675841,12.38824698,166,46,212,685,897,-1,95,31,1023,7685,"Umbria"
2020-03-29,2,"Valle d'Aosta",45.73750286,7.320149366,90,26,116,423,539,71,2,43,584,1480,"Valle d'Aosta"
2020-03-29,5,"Veneto",45.43490485,12.33845213,1586,355,1941,5310,7251,338,715,392,8358,94784,"Veneto"
2020-03-30,13,"Abruzzo",42.35122196,13.39843823,322,69,391,778,1169,0,74,102,1345,7948,"Abruzzo"
2020-03-30,17,"Basilicata",40.63947052,15.80514834,36,18,54,154,208,11,1,5,214,1833,"Basilicata"
2020-03-30,4,"P.A. Bolzano",46.49933453,11.35662422,231,62,293,805,1098,64,153,74,1325,10640,"Trentino-Alto Adige"
2020-03-30,18,"Calabria",38.90597598,16.59440194,130,18,148,454,602,25,14,31,647,9013,"Calabria"
2020-03-30,15,"Campania",40.83956555,14.25084984,468,126,594,1145,1739,183,88,125,1952,12969,"Campania"
2020-03-30,8,"Emilia-Romagna",44.49436681,11.3417208,3779,351,4130,6636,10766,231,1227,1538,13531,50990,"Emilia-Romagna"
2020-03-30,6,"Friuli Venezia Giulia",45.6494354,13.76813649,229,60,289,820,1109,-32,285,107,1501,14003,"Friuli-Venezia Giulia"
2020-03-30,12,"Lazio",41.89277044,12.48366722,1079,154,1233,1264,2497,135,267,150,2914,32846,"Lazio"
2020-03-30,7,"Liguria",44.41149315,8.9326992,1142,175,1317,1066,2383,104,437,397,3217,9677,"Liguria"
2020-03-30,3,"Lombardia",45.46679409,9.190347404,11815,1330,13145,11861,25006,-386,10337,6818,42161,111057,"Lombardia"
2020-03-30,11,"Marche",43.61675973,13.5188753,998,167,1165,2086,3251,91,16,417,3684,10979,"Marche"
2020-03-30,14,"Molise",41.55774754,14.65916051,27,8,35,72,107,7,18,9,134,955,"Molise"
2020-03-30,1,"Piemonte",45.0732745,7.680687483,2985,452,3437,4218,7655,387,308,749,8712,25478,"Piemonte"
2020-03-30,16,"Puglia",41.12559576,16.86736689,590,106,696,889,1585,153,36,91,1712,13117,"Apulia"
2020-03-30,20,"Sardegna",39.21531192,9.110616306,113,24,137,485,622,40,32,28,682,4993,"Sardegna"
2020-03-30,19,"Sicilia",38.11569725,13.3623567,484,75,559,849,1408,78,71,76,1555,14758,"Sicily"
2020-03-30,9,"Toscana",43.76923077,11.25588885,1116,279,1395,2655,4050,264,131,231,4412,30099,"Toscana"
2020-03-30,4,"P.A. Trento",46.06893511,11.12123097,353,78,431,926,1357,64,178,147,1682,6377,"Trentino-Alto Adige"
2020-03-30,10,"Umbria",43.10675841,12.38824698,173,47,220,614,834,-63,184,33,1051,8150,"Umbria"
2020-03-30,2,"Valle d'Aosta",45.73750286,7.320149366,92,26,118,400,518,-21,16,50,584,1536,"Valle d'Aosta"
2020-03-30,5,"Veneto",45.43490485,12.33845213,1633,356,1989,5575,7564,313,747,413,8724,99941,"Veneto"
2020-03-31,13,"Abruzzo",42.35122196,13.39843823,335,73,408,783,1191,22,95,115,1401,8758,"Abruzzo"
2020-03-31,17,"Basilicata",40.63947052,15.80514834,37,17,54,162,216,8,3,7,226,2043,"Basilicata"
2020-03-31,4,"P.A. Bolzano",46.49933453,11.35662422,249,62,311,831,1142,44,153,76,1371,11275,"Trentino-Alto Adige"
2020-03-31,18,"Calabria",38.90597598,16.59440194,132,17,149,457,606,4,17,36,659,9327,"Calabria"
2020-03-31,15,"Campania",40.83956555,14.25084984,501,133,634,1237,1871,132,88,133,2092,14403,"Campania"
2020-03-31,8,"Emilia-Romagna",44.49436681,11.3417208,3765,353,4118,6835,10953,187,1477,1644,14074,54532,"Emilia-Romagna"
2020-03-31,6,"Friuli Venezia Giulia",45.6494354,13.76813649,215,60,275,885,1160,51,320,113,1593,14899,"Friuli-Venezia Giulia"
2020-03-31,12,"Lazio",41.89277044,12.48366722,1127,173,1300,1342,2642,145,291,162,3095,34677,"Lazio"
2020-03-31,7,"Liguria",44.41149315,8.9326992,1153,179,1332,1176,2508,125,480,428,3416,10376,"Liguria"
2020-03-31,3,"Lombardia",45.46679409,9.190347404,11883,1324,13207,11917,25124,118,10885,7199,43208,114640,"Lombardia"
2020-03-31,11,"Marche",43.61675973,13.5188753,946,169,1115,2237,3352,101,21,452,3825,11724,"Marche"
2020-03-31,14,"Molise",41.55774754,14.65916051,29,8,37,80,117,10,18,9,144,1049,"Molise"
2020-03-31,1,"Piemonte",45.0732745,7.680687483,3174,452,3626,4456,8082,427,365,854,9301,27658,"Piemonte"
2020-03-31,16,"Puglia",41.12559576,16.86736689,609,105,714,940,1654,69,39,110,1803,14073,"Apulia"
2020-03-31,20,"Sardegna",39.21531192,9.110616306,113,28,141,516,657,35,34,31,722,5257,"Sardegna"
2020-03-31,19,"Sicilia",38.11569725,13.3623567,503,72,575,917,1492,84,74,81,1647,15634,"Sicily"
2020-03-31,9,"Toscana",43.76923077,11.25588885,1120,293,1413,2813,4226,176,138,244,4608,33165,"Toscana"
2020-03-31,4,"P.A. Trento",46.06893511,11.12123097,354,80,434,955,1389,32,193,164,1746,6973,"Trentino-Alto Adige"
2020-03-31,10,"Umbria",43.10675841,12.38824698,176,43,219,632,851,17,190,37,1078,8685,"Umbria"
2020-03-31,2,"Valle d'Aosta",45.73750286,7.320149366,91,26,117,435,552,34,20,56,628,1582,"Valle d'Aosta"
2020-03-31,5,"Veneto",45.43490485,12.33845213,1680,356,2036,5814,7850,286,828,477,9155,106238,"Veneto"
2020-04-01,13,"Abruzzo",42.35122196,13.39843823,342,71,413,798,1211,20,102,123,1436,9610,"Abruzzo"
2020-04-01,17,"Basilicata",40.63947052,15.80514834,39,15,54,171,225,9,3,9,237,2262,"Basilicata"
2020-04-01,4,"P.A. Bolzano",46.49933453,11.35662422,269,57,326,786,1112,-30,190,116,1418,11951,"Trentino-Alto Adige"
2020-04-01,18,"Calabria",38.90597598,16.59440194,144,16,160,450,610,4,21,38,669,9983,"Calabria"
2020-04-01,15,"Campania",40.83956555,14.25084984,478,129,607,1369,1976,105,107,148,2231,15728,"Campania"
2020-04-01,8,"Emilia-Romagna",44.49436681,11.3417208,3898,359,4257,7232,11489,536,1566,1732,14787,58457,"Emilia-Romagna"
2020-04-01,6,"Friuli Venezia Giulia",45.6494354,13.76813649,206,60,266,940,1206,46,357,122,1685,15987,"Friuli-Venezia Giulia"
2020-04-01,12,"Lazio",41.89277044,12.48366722,1131,177,1308,1450,2758,116,337,169,3264,35810,"Lazio"
2020-04-01,7,"Liguria",44.41149315,8.9326992,1114,179,1293,1352,2645,137,555,460,3660,11334,"Liguria"
2020-04-01,3,"Lombardia",45.46679409,9.190347404,11927,1342,13269,12496,25765,641,11415,7593,44773,121449,"Lombardia"
2020-04-01,11,"Marche",43.61675973,13.5188753,984,168,1152,2304,3456,104,29,477,3962,12296,"Marche"
2020-04-01,14,"Molise",41.55774754,14.65916051,32,8,40,91,131,14,19,10,160,1157,"Molise"
2020-04-01,1,"Piemonte",45.0732745,7.680687483,3146,453,3599,4871,8470,388,439,886,9795,30060,"Piemonte"
2020-04-01,16,"Puglia",41.12559576,16.86736689,637,107,744,1012,1756,102,61,129,1946,15209,"Apulia"
2020-04-01,20,"Sardegna",39.21531192,9.110616306,119,27,146,529,675,18,36,34,745,5501,"Sardegna"
2020-04-01,19,"Sicilia",38.11569725,13.3623567,496,72,568,976,1544,52,86,88,1718,16836,"Sicily"
2020-04-01,9,"Toscana",43.76923077,11.25588885,1120,297,1417,3015,4432,206,182,253,4867,36575,"Toscana"
2020-04-01,4,"P.A. Trento",46.06893511,11.12123097,345,76,421,1062,1483,94,214,173,1870,7675,"Trentino-Alto Adige"
2020-04-01,10,"Umbria",43.10675841,12.38824698,173,45,218,646,864,13,194,37,1095,9080,"Umbria"
2020-04-01,2,"Valle d'Aosta",45.73750286,7.320149366,85,27,112,428,540,-12,32,59,631,1717,"Valle d'Aosta"
2020-04-01,5,"Veneto",45.43490485,12.33845213,1718,350,2068,6156,8224,374,902,499,9625,112746,"Veneto"
